pdb_id,designed_chain,partition,charge_definition,n_residues_partition,n_residues_total,residue_share,slope,slope_minus_share,buffering_ratio,n_betas
1B4U,B,interface,simple,33,298,0.11073825503355705,0.13876097069403923,0.028022715660482173,1.2530536141461723,5
1B4U,B,surface,simple,87,298,0.29194630872483224,0.4538732848220669,0.16192697609723467,1.5546464238732864,5
1B4U,B,core,simple,178,298,0.5973154362416108,0.4073657444838942,-0.1899496917577166,0.6819943362707891,5
1BOU,B,interface,simple,32,298,0.10738255033557047,0.13946037629173602,0.032077825956165554,1.2987247542167917,5
1BOU,B,surface,simple,86,298,0.28859060402684567,0.4919119263749725,0.20332132234812683,1.704532023950486,5
1BOU,B,core,simple,180,298,0.6040268456375839,0.3686276973332914,-0.23539914830429248,0.6102836322517825,5
1BWU,D,interface,simple,26,109,0.23853211009174313,0.25015383858025453,0.011621728488511396,1.0487218617402978,5
1BWU,D,surface,simple,33,109,0.30275229357798167,0.39494671031579986,0.0921944167378182,1.3045209522552177,5
1BWU,D,core,simple,50,109,0.45871559633027525,0.3548994511039456,-0.10381614522632965,0.7736808034066014,5
1FS2,A,interface,simple,24,259,0.09266409266409266,0.09764910624741904,0.004985013583326384,1.053796604920064,5
1FS2,A,surface,simple,97,259,0.3745173745173745,0.579324228659076,0.20480685414170147,1.5468554146670173,5
1FS2,A,core,simple,138,259,0.5328185328185329,0.3230266650935048,-0.20979186772502806,0.6062601902841865,5
1GO4,A,interface,simple,26,196,0.1326530612244898,0.16466941401872537,0.032016352794235564,1.2413540441411604,5
1GO4,A,surface,simple,68,196,0.3469387755102041,0.5393892564074758,0.19245048089727174,1.5547102096450773,5
1GO4,A,core,simple,102,196,0.5204081632653061,0.29594132957379893,-0.22446683369150722,0.568671574475143,5
1HL6,D,interface,simple,32,143,0.22377622377622378,0.2822916213590825,0.0585153975828587,1.2614906829483998,5
1HL6,D,surface,simple,38,143,0.26573426573426573,0.34572223913705363,0.0799879734027879,1.3010073735947019,5
1HL6,D,core,simple,73,143,0.5104895104895105,0.37198613950386383,-0.1385033709856467,0.7286851773842812,5
1I7Q,B,interface,simple,24,192,0.125,0.1544599091201832,0.029459909120183203,1.2356792729614656,5
1I7Q,B,surface,simple,60,192,0.3125,0.577981323124262,0.265481323124262,1.8495402339976383,5
1I7Q,B,core,simple,108,192,0.5625,0.26755876775555465,-0.29494123224444535,0.47566003156543046,5
1I7S,B,interface,simple,27,192,0.140625,0.22511884050029457,0.08449384050029457,1.6008450880020948,5
1I7S,B,surface,simple,60,192,0.3125,0.5390974971574174,0.2265974971574174,1.7251119909037356,5
1I7S,B,core,simple,105,192,0.546875,0.235783662342288,-0.311091337657712,0.43114726828304095,5
1I8L,A,interface,simple,11,199,0.05527638190954774,0.07900902678439302,0.023732644874845277,1.4293451209176555,5
1I8L,A,surface,simple,96,199,0.4824120603015075,0.6611585195415907,0.17874645924008314,1.3705265144664223,5
1I8L,A,core,simple,92,199,0.4623115577889447,0.25983245367401636,-0.20247910411492837,0.5620288943601006,5
1IZN,A,interface,simple,62,275,0.22545454545454546,0.2243992080225965,-0.0010553374319489661,0.9953190678421618,5
1IZN,A,surface,simple,98,275,0.3563636363636364,0.47956251510969244,0.12319887874605606,1.3457111393384227,5
1IZN,A,core,simple,115,275,0.41818181818181815,0.29603827686771095,-0.1221435413141072,0.7079176185967001,5
1KJ1,A,interface,simple,28,109,0.25688073394495414,0.23122959738846574,-0.025651136556488402,0.9001437898336702,5
1KJ1,A,surface,simple,32,109,0.29357798165137616,0.4263362680120026,0.13275828636062642,1.4522079129158838,5
1KJ1,A,core,simple,49,109,0.44954128440366975,0.3424341345995318,-0.10710714980413794,0.7617412381907952,5
1O9S,A,interface,simple,11,250,0.044,0.0684696917495896,0.0244696917495896,1.5561293579452182,5
1O9S,A,surface,simple,118,250,0.472,0.6436931276979508,0.17169312769795086,1.3637566264787095,5
1O9S,A,core,simple,121,250,0.484,0.28783718055245927,-0.19616281944754071,0.5947049184968167,5
1P27,A,interface,simple,13,144,0.09027777777777778,0.11283587407993041,0.022558096302152636,1.2498742975007677,5
1P27,A,surface,simple,62,144,0.4305555555555556,0.527025823190762,0.09647026763520639,1.22405997644306,5
1P27,A,core,simple,69,144,0.4791666666666667,0.3601383027293073,-0.11902836393735938,0.7515929796089891,5
1PXV,A,interface,simple,21,183,0.11475409836065574,0.15151515151515152,0.03676105315449578,1.3203463203463204,5
1PXV,A,surface,simple,70,183,0.3825136612021858,0.6374614763964392,0.25494781519425347,1.6665064311506912,5
1PXV,A,core,simple,92,183,0.5027322404371585,0.21102337208840924,-0.2917088683487492,0.4197530118715097,5
1QBK,C,interface,simple,35,190,0.18421052631578946,0.25487966647716503,0.07066914016137557,1.383632475161753,5
1QBK,C,surface,simple,64,190,0.3368421052631579,0.46375781694144397,0.12691571167828608,1.376781019044912,5
1QBK,C,core,simple,91,190,0.4789473684210526,0.28136251658139094,-0.19758485183966168,0.5874601994556514,5
1R5I,D,interface,simple,15,214,0.07009345794392523,0.08198016956459267,0.011886711620667442,1.1695837524548556,5
1R5I,D,surface,simple,92,214,0.42990654205607476,0.5776692053455957,0.14776266328952098,1.3437088037386684,5
1R5I,D,core,simple,107,214,0.5,0.3403506250898118,-0.1596493749101882,0.6807012501796236,5
1SG1,X,interface,simple,16,160,0.1,0.09971688434676242,-0.00028311565323758947,0.9971688434676241,5
1SG1,X,surface,simple,89,160,0.55625,0.7336148048770864,0.1773648048770864,1.318858076183526,5
1SG1,X,core,simple,55,160,0.34375,0.16666831077615127,-0.17708168922384873,0.48485326771244003,5
1TO9,A,interface,simple,19,225,0.08444444444444445,0.09519962297179026,0.01075517852734581,1.1273639562448845,5
1TO9,A,surface,simple,83,225,0.3688888888888889,0.4836733319868041,0.11478444309791525,1.31116264695218,5
1TO9,A,core,simple,123,225,0.5466666666666666,0.421127045041406,-0.1255396216252606,0.7703543506854988,5
1X27,B,interface,simple,20,164,0.12195121951219512,0.1426604802936828,0.020709260781487687,1.169815938408199,5
1X27,B,surface,simple,66,164,0.4024390243902439,0.564956916331005,0.16251789194076105,1.4038323375497699,5
1X27,B,core,simple,78,164,0.47560975609756095,0.29238260337531236,-0.1832271527222486,0.6147531660711696,5
1XQH,A,interface,simple,11,250,0.044,0.05598425063409839,0.011984250634098394,1.2723693325931453,5
1XQH,A,surface,simple,117,250,0.468,0.6490258328013875,0.18102583280138745,1.3868073350456998,5
1XQH,A,core,simple,122,250,0.488,0.2949899165645143,-0.1930100834354857,0.6044875339436768,5
1XV9,B,interface,simple,26,246,0.10569105691056911,0.1486317600467442,0.04294070313617508,1.4062851142884258,5
1XV9,B,surface,simple,85,246,0.34552845528455284,0.45257620268778814,0.1070477474032353,1.3098087748375986,5
1XV9,B,core,simple,135,246,0.5487804878048781,0.39879203726546797,-0.14998845053941012,0.7266877123504082,5
1XVP,B,interface,simple,26,246,0.10569105691056911,0.13989905291671872,0.03420799600614961,1.3236602699043387,5
1XVP,B,surface,simple,83,246,0.33739837398373984,0.44723019396491026,0.10983181998117042,1.3255256351249147,5
1XVP,B,core,simple,137,246,0.556910569105691,0.41287075311837157,-0.14403981598731946,0.7413591625337184,5
1Y4H,A,interface,simple,21,173,0.12138728323699421,0.184936914744106,0.06354963150711179,1.5235279167014448,5
1Y4H,A,surface,simple,58,173,0.3352601156069364,0.5402671846131981,0.2050070690062617,1.6114866023807461,5
1Y4H,A,core,simple,94,173,0.5433526011560693,0.2747959006426959,-0.26855670051337344,0.5057413916083658,5
2AST,B,interface,simple,26,325,0.08,0.09854974163740259,0.018549741637402584,1.2318717704675324,5
2AST,B,surface,simple,115,325,0.35384615384615387,0.5699529951463569,0.21610684130020302,1.6107367254136171,5
2AST,B,core,simple,184,325,0.5661538461538461,0.33149726321624057,-0.23465658293760555,0.5855250573112946,5
2D7D,B,interface,simple,9,38,0.23684210526315788,0.2536115569823436,0.01676945171918573,1.0708043517032286,5
2D7D,B,surface,simple,18,38,0.47368421052631576,0.5797217763509901,0.10603756582467433,1.2238570834076459,5
2D7D,B,core,simple,11,38,0.2894736842105263,0.16666666666666669,-0.12280701754385964,0.5757575757575758,5
2H9A,A,interface,simple,38,383,0.09921671018276762,0.14255352156376047,0.04333681138099285,1.4367894410242175,5
2H9A,A,surface,simple,131,383,0.34203655352480417,0.567600062053987,0.2255635085291829,1.6594719371502065,5
2H9A,A,core,simple,214,383,0.5587467362924282,0.28984641638225256,-0.26890031991017566,0.5187438199738446,5
2NMV,B,interface,simple,10,38,0.2631578947368421,0.2517691617661718,-0.011388732970670279,0.9567228147114529,5
2NMV,B,surface,simple,18,38,0.47368421052631576,0.5606996910196355,0.0870154804933197,1.1836993477081195,5
2NMV,B,core,simple,10,38,0.2631578947368421,0.18753114721419323,-0.07562674752264886,0.7126183594139343,5
2OJE,D,interface,simple,15,214,0.07009345794392523,0.07733566854578293,0.0072422106018577015,1.1033222045865032,5
2OJE,D,surface,simple,91,214,0.4252336448598131,0.5882819769032893,0.16304833204347624,1.3834323412890541,5
2OJE,D,core,simple,108,214,0.5046728971962616,0.33438235455092763,-0.170290542645334,0.6625724432768382,5
2R9Q,B,interface,simple,23,342,0.06725146198830409,0.09274995393871621,0.025498491950412122,1.3791514890017802,5
2R9Q,B,surface,simple,119,342,0.347953216374269,0.528675531610747,0.18072231523647797,1.5193868219401299,5
2R9Q,B,core,simple,200,342,0.5847953216374269,0.37857451445053625,-0.20622080718689062,0.647362419710417,5
2VJE,D,interface,simple,17,62,0.27419354838709675,0.3074601454883145,0.033266597101217765,1.1213252364867943,5
2VJE,D,surface,simple,24,62,0.3870967741935484,0.565431047825414,0.1783342736318656,1.4606968735489863,5
2VJE,D,core,simple,21,62,0.3387096774193548,0.12710880668627145,-0.21160087073308337,0.3752736197404205,5
2VJF,A,interface,simple,24,64,0.375,0.4074956850497249,0.03249568504972489,1.0866551601325998,5
2VJF,A,surface,simple,21,64,0.328125,0.48565792718007733,0.15753292718007733,1.480100349501188,5
2VJF,A,core,simple,19,64,0.296875,0.10684638777019811,-0.19002861222980189,0.3599036219627726,5
2Y8S,D,interface,simple,32,391,0.08184143222506395,0.10680686607242754,0.02496543384736359,1.3050463948224738,5
2Y8S,D,surface,simple,137,391,0.35038363171355497,0.5156174243836946,0.16523379267013966,1.4715796564527344,5
2Y8S,D,core,simple,222,391,0.5677749360613811,0.377575709543878,-0.1901992265175031,0.6650094704128662,5
2Y8T,D,interface,simple,35,395,0.08860759493670886,0.11680500869498292,0.02819741375827406,1.31822795527195,5
2Y8T,D,surface,simple,143,395,0.3620253164556962,0.5341473504956022,0.17212203403990606,1.475441982138202,5
2Y8T,D,core,simple,217,395,0.549367088607595,0.34904764080941525,-0.20031944779817973,0.6353632171415623,5
2Z5H,C,interface,simple,30,52,0.5769230769230769,0.4840202333735703,-0.09290284354950656,0.8389684045141886,5
2Z5H,C,surface,simple,22,52,0.4230769230769231,0.51597976662643,0.0929028435495069,1.2195885392988346,5
2Z5H,C,core,simple,0,52,0.0,0.0,0.0,,5
2Z5I,C,interface,simple,28,50,0.56,0.4674236906574852,-0.09257630934251487,0.8346851618883663,5
2Z5I,C,surface,simple,21,50,0.42,0.5074819572270409,0.08748195722704094,1.2082903743500975,5
2Z5I,C,core,simple,1,50,0.02,0.025094352115473742,0.005094352115473742,1.254717605773687,5
2ZXE,B,interface,simple,38,265,0.14339622641509434,0.153784936423703,0.010388710008608665,1.072447582954771,5
2ZXE,B,surface,simple,107,265,0.4037735849056604,0.5306222536800236,0.12684866877436318,1.3141579179925817,5
2ZXE,B,core,simple,120,265,0.4528301886792453,0.31559280989627303,-0.13723737878297226,0.6969341218542696,5
3A3Y,B,interface,simple,38,265,0.14339622641509434,0.14462558257313016,0.0012293561580358214,1.0085731416284076,5
3A3Y,B,surface,simple,109,265,0.41132075471698115,0.5357973959702288,0.12447664125324764,1.302626696624868,5
3A3Y,B,core,simple,118,265,0.44528301886792454,0.3195770214566411,-0.12570599741128347,0.7176941583560159,5
3AAA,A,interface,simple,62,267,0.23220973782771537,0.2543433863025963,0.022133648474880918,1.095317486174084,5
3AAA,A,surface,simple,91,267,0.3408239700374532,0.4620583174798567,0.12123434744240352,1.3557095688694696,5
3AAA,A,core,simple,114,267,0.42696629213483145,0.283598296217547,-0.14336799591728444,0.6642170621937286,5
3BH6,B,interface,simple,28,314,0.08917197452229299,0.1290256870243382,0.03985371250204521,1.4469309187729356,5
3BH6,B,surface,simple,115,314,0.3662420382165605,0.5667099177316817,0.20046787951512118,1.547364471023896,5
3BH6,B,core,simple,171,314,0.5445859872611465,0.3042643952439805,-0.24032159201716596,0.5587077199216952,5
3BH7,B,interface,simple,25,314,0.07961783439490445,0.10618111295234238,0.026563278557437925,1.3336347786814204,5
3BH7,B,surface,simple,116,314,0.36942675159235666,0.5519265957552794,0.1824998441629227,1.494008198854808,5
3BH7,B,core,simple,173,314,0.5509554140127388,0.34189229129237825,-0.2090631227203606,0.6205443899757617,5
3BUK,C,interface,simple,22,159,0.13836477987421383,0.15819071801123818,0.01982593813702435,1.1432874619903124,5
3BUK,C,surface,simple,80,159,0.5031446540880503,0.6412097934789586,0.13806513939090825,1.2744044645394301,5
3BUK,C,core,simple,57,159,0.3584905660377358,0.2005994885098037,-0.15789107752793213,0.5595669942641893,5
3G3A,A,interface,simple,12,167,0.0718562874251497,0.10171284967925404,0.029856562254104338,1.415503824702952,5
3G3A,A,surface,simple,68,167,0.40718562874251496,0.6187090800872961,0.21152345134478112,1.5194767113908596,5
3G3A,A,core,simple,87,167,0.5209580838323353,0.2795780702334503,-0.241380013598885,0.536661353206738,5
3G3B,A,interface,simple,10,169,0.05917159763313609,0.0795357610563118,0.020364163423175707,1.3441543618516694,5
3G3B,A,surface,simple,70,169,0.41420118343195267,0.6382204173825288,0.2240192339505761,1.540846436252105,5
3G3B,A,core,simple,89,169,0.5266272189349113,0.28224382156115974,-0.24438339737375153,0.5359461330768089,5
3GDU,A,interface,simple,24,294,0.08163265306122448,0.07323553286480253,-0.008397120196421956,0.897135277593831,5
3GDU,A,surface,simple,111,294,0.37755102040816324,0.6088559801764468,0.23130495976828358,1.6126455691159944,5
3GDU,A,core,simple,159,294,0.5408163265306123,0.3179084869587509,-0.2229078395718614,0.5878307872067469,5
3GDV,A,interface,simple,25,295,0.0847457627118644,0.08476772616136917,2.1963449504766586e-05,1.0002591687041562,5
3GDV,A,surface,simple,120,295,0.4067796610169492,0.6053056234718825,0.19852596245493337,1.4880429910350446,5
3GDV,A,core,simple,150,295,0.5084745762711864,0.3099266503667481,-0.19854792590443832,0.6095224123879379,5
3GJO,A,interface,simple,34,66,0.5151515151515151,0.4268932766808299,-0.08825823847068526,0.8286751841451404,5
3GJO,A,surface,simple,25,66,0.3787878787878788,0.5076230942264434,0.12883521543856458,1.3401249687578105,5
3GJO,A,core,simple,7,66,0.10606060606060606,0.06548362909272681,-0.04057697696787925,0.6174170743028528,5
3MTU,A,interface,simple,34,75,0.4533333333333333,0.38802222459664515,-0.06531110873668816,0.8559313777867172,5
3MTU,A,surface,simple,34,75,0.4533333333333333,0.5532286212914488,0.09989528795811548,1.220357252848784,5
3MTU,A,core,simple,7,75,0.09333333333333334,0.05874915411190656,-0.03458417922142678,0.6294552226275703,5
3NDB,B,interface,simple,3,420,0.007142857142857143,0.009802109638804266,0.0026592524959471236,1.3722953494325973,5
3NDB,B,surface,simple,197,420,0.46904761904761905,0.6914657035992322,0.22241808455161316,1.4741908401607997,5
3NDB,B,core,simple,220,420,0.5238095238095238,0.2987321867619635,-0.22507733704756033,0.5703069020001121,5
3O1I,C,interface,simple,17,298,0.05704697986577181,0.06822658413363727,0.011179604267865462,1.195971886577877,5
3O1I,C,surface,simple,97,298,0.32550335570469796,0.493129449383703,0.16762609367900505,1.5149750094468404,5
3O1I,C,core,simple,184,298,0.6174496644295302,0.43864396648265996,-0.17880569794687023,0.7104125109338733,5
3O1J,C,interface,simple,16,296,0.05405405405405406,0.06035040732061156,0.006296353266557503,1.1164825354313137,5
3O1J,C,surface,simple,99,296,0.3344594594594595,0.5633969423055464,0.2289374828460869,1.6844999487115324,5
3O1J,C,core,simple,181,296,0.6114864864864865,0.3762526503738423,-0.2352338361126442,0.6153082017163388,5
3PNL,A,interface,simple,23,356,0.06460674157303371,0.09703022923554228,0.03242348766250856,1.5018592003414368,5
3PNL,A,surface,simple,115,356,0.32303370786516855,0.5008934192322629,0.1778597113670944,1.5505918021450922,5
3PNL,A,core,simple,218,356,0.6123595505617978,0.40207635153219534,-0.21028319902960246,0.6566017483736767,5
3R2C,A,interface,simple,16,138,0.11594202898550725,0.11563765182186234,-0.00030437716364491163,0.9973747469635627,5
3R2C,A,surface,simple,52,138,0.37681159420289856,0.5929366685945634,0.21612507439166484,1.5735626974240335,5
3R2C,A,core,simple,70,138,0.5072463768115942,0.2914256795835743,-0.21582069722801994,0.5745249111790465,5
3R2D,B,interface,simple,15,138,0.10869565217391304,0.12038669857664688,0.011691046402733843,1.1075576269051512,5
3R2D,B,surface,simple,54,138,0.391304347826087,0.5968478397783096,0.2055434919522226,1.525277812766791,5
3R2D,B,core,simple,69,138,0.5,0.2827654616450434,-0.2172345383549566,0.5655309232900868,5
3TFY,A,interface,simple,6,155,0.03870967741935484,0.04429052789217524,0.005580850472820399,1.1441719705478604,5
3TFY,A,surface,simple,72,155,0.4645161290322581,0.6757768625982782,0.2112607335660201,1.45479741253796,5
3TFY,A,core,simple,77,155,0.4967741935483871,0.27993260950954707,-0.21684158403884002,0.563500707454283,5
3UA7,A,interface,simple,12,63,0.19047619047619047,0.19888316151202745,0.008406971035836985,1.0441365979381443,5
3UA7,A,surface,simple,27,63,0.42857142857142855,0.5887027491408934,0.16013132056946483,1.3736397479954179,5
3UA7,A,core,simple,24,63,0.38095238095238093,0.212414089347079,-0.16853829160530193,0.5575869845360825,5
