pdb_id,designed_chain,fixed_chain,beta,replicate,net_charge_reported,n_residues_interface,n_residues_surface,n_residues_core,n_residues_total,charge_interface_simple,charge_surface_simple,charge_core_simple,charge_total_simple,charge_interface_ph7.4_emboss,charge_surface_ph7.4_emboss,charge_core_ph7.4_emboss,charge_total_ph7.4_emboss,charge_shift_interface_simple,charge_shift_surface_simple,charge_shift_core_simple,charge_shift_total_simple,charge_density_interface_simple,charge_density_surface_simple,charge_density_core_simple,native_charge_total_simple,n_mutations_from_native
3G3B,A,B,-3.0,0,-112.0,10,70,89,169,-10,-65,-37,-112,-9.995914680157782,-65.17990541634572,-37.28261189302369,-112.45843198952721,-11,-71,-31,-113,-1.0,-0.9285714285714286,-0.4157303370786517,1,103
3G3B,A,B,-1.5,0,-69.0,10,70,89,169,-6,-43,-20,-69,-5.997918424841037,-43.188584935420224,-20.17927043521512,-69.36577379547639,-7,-49,-14,-70,-0.6,-0.6142857142857143,-0.2247191011235955,1,77
3G3B,A,B,0.0,0,-11.0,10,70,89,169,-1,-4,-6,-11,-0.9996838722023703,-4.204876716311331,-6.188294660010934,-11.392855248524636,-2,-10,0,-12,-0.1,-0.05714285714285714,-0.06741573033707865,1,69
3G3B,A,B,1.5,0,70.0,10,70,89,169,4,57,9,70,3.9987163896011584,56.7701280578455,8.66229504896196,69.43113949640862,3,51,15,69,0.4,0.8142857142857143,0.10112359550561797,1,95
3G3B,A,B,3.0,0,105.0,10,70,89,169,8,66,31,105,7.998766437670826,65.77048783594275,30.695180868990594,104.46443514260417,7,60,37,104,0.8,0.9428571428571428,0.34831460674157305,1,107
3G3A,A,B,-3.0,0,-110.0,12,68,87,167,-11,-60,-39,-110,-10.995598552360152,-60.327552317329925,-39.24083609273124,-110.56398696242132,-11,-64,-33,-108,-0.9166666666666666,-0.8823529411764706,-0.4482758620689655,-2,99
3G3A,A,B,-1.5,0,-75.0,12,68,87,167,-6,-51,-18,-75,-5.997918424841037,-51.330171103876886,-18.255666344471866,-75.58375587318979,-6,-55,-12,-73,-0.5,-0.75,-0.20689655172413793,-2,80
3G3A,A,B,0.0,0,0.0,12,68,87,167,1,0,-1,0,0.9996020512556952,-0.278084095599878,-1.3752574584149402,-0.6537395027591217,1,-4,5,2,0.08333333333333333,0.0,-0.011494252873563218,-2,69
3G3A,A,B,1.5,0,59.0,12,68,87,167,6,42,11,59,5.999562335159435,41.63698991245315,10.625529150016447,58.26208139762903,6,38,17,61,0.5,0.6176470588235294,0.12643678160919541,-2,83
3G3A,A,B,3.0,0,96.0,12,68,87,167,11,61,24,96,10.999912624588228,60.69967003459681,23.62281893198294,95.32240159116796,11,57,30,98,0.9166666666666666,0.8970588235294118,0.27586206896551724,-2,96
1PXV,A,C,-3.0,0,-115.0,21,70,92,183,-18,-65,-32,-115,-18.066788405521137,-64.03196472644902,-32.920083722459914,-115.01883685443008,-17,-53,-33,-103,-0.8571428571428571,-0.9285714285714286,-0.34782608695652173,-12,122
1PXV,A,C,-1.5,0,-66.0,21,70,92,183,-10,-50,-6,-66,-10.06958405722203,-49.04124364687448,-6.936637866303346,-66.04746557039986,-9,-38,-7,-54,-0.47619047619047616,-0.7142857142857143,-0.06521739130434782,-12,101
1PXV,A,C,0.0,0,-7.0,21,70,92,183,0,-7,0,-7,-0.0014771297393326721,-6.058181284371674,-0.8268621164256713,-6.886520530536677,1,5,-1,5,0.0,-0.1,0.0,-12,92
1PXV,A,C,1.5,0,60.0,21,70,92,183,9,45,6,60,8.921927811641439,45.92631313901003,5.061869363444567,59.910110314096045,10,57,5,72,0.42857142857142855,0.6428571428571429,0.06521739130434782,-12,99
1PXV,A,C,3.0,0,96.0,21,70,92,183,14,61,21,96,14.035386969915649,61.91750293852432,20.058650266020994,96.01154017446098,15,73,20,108,0.6666666666666666,0.8714285714285714,0.22826086956521738,-12,116
1Y4H,A,C,-3.0,0,-108.0,21,58,94,173,-20,-52,-36,-108,-19.992014168688755,-51.03681362131094,-36.845416463525,-107.8742442535247,-19,-43,-36,-98,-0.9523809523809523,-0.896551724137931,-0.3829787234042553,-10,112
1Y4H,A,C,-1.5,0,-58.0,21,58,94,173,-13,-39,-6,-58,-12.994781488391707,-38.043715237511584,-6.824329103573666,-57.86282582947697,-12,-30,-6,-48,-0.6190476190476191,-0.6724137931034483,-0.06382978723404255,-10,81
1Y4H,A,C,0.0,0,-12.0,21,58,94,173,-3,-10,1,-12,-3.0003651044530937,-9.05532442861204,0.060718967900038834,-11.994970565165094,-2,-1,1,-2,-0.14285714285714285,-0.1724137931034483,0.010638297872340425,-10,85
1Y4H,A,C,1.5,0,39.0,21,58,94,173,6,29,4,39,5.923142824354186,29.93093626614667,3.1740092042395665,39.02808829474042,7,38,4,49,0.2857142857142857,0.5,0.0425531914893617,-10,87
1Y4H,A,C,3.0,0,95.0,21,58,94,173,17,50,28,95,16.923937376004826,50.925041680457575,27.132572225128857,94.98155128159127,18,59,28,105,0.8095238095238095,0.8620689655172413,0.2978723404255319,-10,102
2D7D,B,A,-3.0,0,-31.0,9,18,11,38,-8,-18,-5,-31,-7.996177319006675,-18.050545244570127,-4.997495319145932,-31.044217882722734,-9,-14,-6,-29,-0.8888888888888888,-1.0,-0.45454545454545453,-2,24
2D7D,B,A,-1.5,0,-28.0,9,18,11,38,-8,-17,-3,-28,-7.99599251063349,-17.050861372367756,-2.9984971914875587,-28.045351074488806,-9,-13,-4,-26,-0.8888888888888888,-0.9444444444444444,-0.2727272727272727,-2,22
2D7D,B,A,0.0,0,1.0,9,18,11,38,2,-3,2,1,1.9994100773644083,-3.0573595416266035,1.9995941080364432,0.9416446437742471,1,1,1,3,0.2222222222222222,-0.16666666666666666,0.18181818181818182,-2,20
2D7D,B,A,1.5,0,29.0,9,18,11,38,7,18,4,29,6.998774380890078,17.934814460279267,3.999578221597939,28.933167062767286,6,22,3,31,0.7777777777777778,1.0,0.36363636363636365,-2,29
2D7D,B,A,3.0,0,34.0,9,18,11,38,8,18,8,34,7.997596421095667,17.933644443704107,7.99798642662072,33.929227291420496,7,22,7,36,0.8888888888888888,1.0,0.7272727272727273,-2,28
2NMV,B,A,-3.0,0,-34.0,10,18,10,38,-8,-18,-8,-34,-7.998168608177402,-18.050360436196943,-7.99599251063349,-34.04452155500784,-9,-14,-9,-32,-0.8,-1.0,-0.8,-2,28
2NMV,B,A,-1.5,0,-27.0,10,18,10,38,-7,-17,-3,-27,-6.996678255177488,-17.05104618074094,-2.9984971914875587,-27.046221627405988,-8,-13,-4,-25,-0.7,-0.9444444444444444,-0.3,-2,22
2NMV,B,A,0.0,0,-2.0,10,18,10,38,2,-4,0,-2,1.9995130647909172,-4.05675561802928,0.0005959803780706263,-2.0566465728602936,1,0,-1,0,0.2,-0.2222222222222222,0.0,-2,23
2NMV,B,A,1.5,0,30.0,10,18,10,38,8,18,4,30,7.997206415570615,17.933644443704107,3.9991882160728864,29.93003907534761,7,22,3,32,0.8,1.0,0.4,-2,27
2NMV,B,A,3.0,0,35.0,10,18,10,38,9,18,8,35,8.999538505501679,17.93559447132937,7.999156443195878,34.93428942002693,8,22,7,37,0.9,1.0,0.8,-2,34
3NDB,B,A,-3.0,0,-313.0,3,197,220,420,-3,-190,-120,-313,-2.998681999860743,-190.9109471480293,-119.09035974787687,-312.99998889576693,-4,-206,-113,-323,-1.0,-0.9644670050761421,-0.5454545454545454,10,296
3NDB,B,A,-1.5,0,-197.0,3,197,220,420,-2,-160,-35,-197,-1.9989981276583726,-160.92190815937332,-34.0936398020165,-197.01454608904817,-3,-176,-28,-207,-0.6666666666666666,-0.8121827411167513,-0.1590909090909091,10,255
3NDB,B,A,0.0,0,-21.0,3,197,220,420,2,-26,3,-21,1.999984113561496,-26.971859630371263,3.901615578028757,-21.070259938781007,1,-42,10,-31,0.6666666666666666,-0.1319796954314721,0.013636363636363636,10,248
3NDB,B,A,1.5,0,210.0,3,197,220,420,2,172,36,210,1.9992041025113905,170.93396949238758,36.80797457021968,209.74114816511866,1,156,43,200,0.6666666666666666,0.8730964467005076,0.16363636363636364,10,250
3NDB,B,A,3.0,0,288.0,3,197,220,420,3,191,94,288,2.998806153767086,189.93858045846912,94.83503187307483,287.77241848531105,2,175,101,278,1.0,0.9695431472081218,0.42727272727272725,10,288
2Z5H,C,D,-3.0,0,-44.0,30,22,0,52,-22,-22,0,-44,-22.98882094003774,-21.048515155718057,0.0,-44.03733609575578,-19,-20,0,-39,-0.7333333333333333,-1.0,0.0,-5,38
2Z5H,C,D,-1.5,0,-38.0,30,22,0,52,-17,-21,0,-38,-17.991510429264984,-20.04901609188887,0.0,-38.04052652115384,-14,-19,0,-33,-0.5666666666666667,-0.9545454545454546,0.0,-5,36
2Z5H,C,D,0.0,0,-6.0,30,22,0,52,-3,-3,0,-6,-3.9974337846255987,-2.056347211554659,0.0,-6.053780996180259,0,-1,0,-1,-0.1,-0.13636363636363635,0.0,-5,31
2Z5H,C,D,1.5,0,39.0,30,22,0,52,18,21,0,39,16.993775397856982,21.93307214431694,0.0,38.92684754217392,21,23,0,44,0.6,0.9545454545454546,0.0,-5,39
2Z5H,C,D,3.0,0,45.0,30,22,0,52,23,22,0,45,21.991005643085355,22.93189418452253,0.0,44.92289982760788,26,24,0,50,0.7666666666666667,1.0,0.0,-5,39
2Z5I,C,D,-3.0,0,-42.0,28,21,1,50,-21,-20,-1,-42,-20.989480340412918,-20.04917375548213,-0.9994990638291863,-42.03815315972423,-20,-16,-1,-37,-0.75,-0.9523809523809523,-1.0,-5,36
2Z5I,C,D,-1.5,0,-37.0,28,21,1,50,-16,-20,-1,-37,-15.991985021266979,-20.04917375548213,-0.9994990638291863,-37.04065784057829,-15,-16,-1,-32,-0.5714285714285714,-0.9523809523809523,-1.0,-5,33
2Z5I,C,D,0.0,0,-5.0,28,21,1,50,-5,-1,1,-5,-4.995913352864738,-1.0564106086418183,0.999992056780748,-5.052331904725808,-4,3,1,0,-0.17857142857142858,-0.047619047619047616,1.0,-5,31
2Z5I,C,D,1.5,0,36.0,28,21,1,50,16,19,1,36,15.99402282561618,18.933246494959807,0.9996020512556952,35.92687137183168,17,23,1,41,0.5714285714285714,0.9047619047619048,1.0,-5,35
2Z5I,C,D,3.0,0,40.0,28,21,1,50,19,20,1,40,18.992438973858214,19.932848546215503,0.9996020512556952,39.92488957132941,20,24,1,45,0.6785714285714286,0.9523809523809523,1.0,-5,35
2ZXE,B,A,-3.0,0,-222.0,38,107,120,265,-33,-103,-86,-222,-32.98841732950483,-103.01794532220288,-86.05590418876008,-222.06226684046777,-37,-103,-89,-229,-0.868421052631579,-0.9626168224299065,-0.7166666666666667,7,219
2ZXE,B,A,-1.5,0,-109.0,38,107,120,265,-9,-78,-22,-109,-8.998816228388858,-78.02792162726105,-22.35215015152138,-109.37888800717128,-13,-78,-25,-116,-0.23684210526315788,-0.7289719626168224,-0.18333333333333332,7,164
2ZXE,B,A,0.0,0,3.0,38,107,120,265,0,0,3,3,-0.004555543124341144,-0.06271792960149869,2.2342532157865658,2.166979743060725,-4,0,0,-4,0.0,0.0,0.025,7,158
2ZXE,B,A,1.5,0,114.0,38,107,120,265,16,74,24,114,16.214841803406113,73.91400753175174,23.378305042553457,113.50715437771132,12,74,21,107,0.42105263157894735,0.6915887850467289,0.2,7,153
2ZXE,B,A,3.0,0,193.0,38,107,120,265,36,100,57,193,35.99191393360587,99.90569271297176,56.451775054281995,192.34938170085962,32,100,54,186,0.9473684210526315,0.9345794392523364,0.475,7,188
3A3Y,B,A,-3.0,0,-221.0,38,109,118,265,-36,-103,-82,-221,-35.98603208206075,-102.90886007508823,-82.13330197035846,-221.02819412750745,-40,-102,-87,-229,-0.9473684210526315,-0.944954128440367,-0.6949152542372882,8,221
3A3Y,B,A,-1.5,0,-139.0,38,109,118,265,-17,-91,-31,-139,-16.997765625317516,-90.91131834711322,-31.45137030012021,-139.36045427255092,-21,-90,-36,-147,-0.4473684210526316,-0.8348623853211009,-0.2627118644067797,8,178
3A3Y,B,A,0.0,0,0.0,38,109,118,265,0,-7,7,0,-0.0035502398567361926,-6.837902032480806,6.310312598513903,-0.5311396738236391,-4,-6,2,-8,0.0,-0.06422018348623854,0.059322033898305086,8,161
3A3Y,B,A,1.5,0,125.0,38,109,118,265,12,85,28,125,11.993808433508907,85.0238677194395,27.378601549320457,124.39627770226885,8,86,23,117,0.3157894736842105,0.7798165137614679,0.23728813559322035,8,165
3A3Y,B,A,3.0,0,203.0,38,109,118,265,31,103,69,203,30.994683688377503,102.90332885016369,68.60994004876946,202.50795258731065,27,104,64,195,0.8157894736842105,0.944954128440367,0.5847457627118644,8,198
3GDV,A,B,-3.0,0,-186.0,25,120,150,295,-17,-100,-69,-186,-16.996390705303543,-100.01681921055645,-68.86587698663617,-185.87908690249617,-14,-97,-69,-180,-0.68,-0.8333333333333334,-0.46,-6,189
3GDV,A,B,-1.5,0,-120.0,25,120,150,295,-9,-80,-31,-120,-8.888027999772383,-79.91317408046277,-31.000401339746382,-119.80160341998155,-6,-77,-31,-114,-0.36,-0.6666666666666666,-0.20666666666666667,-6,160
3GDV,A,B,0.0,0,-12.0,25,120,150,295,-4,-7,-1,-12,-4.002163642031386,-7.018972480653154,-0.9053764656844103,-11.92651258836895,-1,-4,-1,-6,-0.16,-0.058333333333333334,-0.006666666666666667,-6,139
3GDV,A,B,1.5,0,86.0,25,120,150,295,6,66,14,86,5.994327919296145,66.02621549619784,13.906739566787916,85.92728298228188,9,69,14,92,0.24,0.55,0.09333333333333334,-6,159
3GDV,A,B,3.0,0,162.0,25,120,150,295,14,98,50,162,13.992396166863543,97.90687861598543,49.903188654739445,161.8024634375884,17,101,50,168,0.56,0.8166666666666667,0.3333333333333333,-6,192
3GDU,A,B,-3.0,0,-170.0,24,111,159,294,-14,-94,-62,-170,-13.995717416272072,-94.01764873003746,-61.97828397857333,-169.99165012488282,-11,-87,-65,-163,-0.5833333333333334,-0.8468468468468469,-0.389937106918239,-7,185
3GDU,A,B,-1.5,0,-105.0,24,111,159,294,-5,-73,-27,-105,-5.0727659798558555,-72.80449524713401,-26.88718099066331,-104.76444221765315,-2,-66,-30,-98,-0.20833333333333334,-0.6576576576576577,-0.16981132075471697,-7,159
3GDU,A,B,0.0,0,-17.0,24,111,159,294,-2,-17,2,-17,-2.074165800941788,-16.82517397278709,1.9858835147445588,-16.91345625898432,1,-10,-1,-10,-0.08333333333333333,-0.15315315315315314,0.012578616352201259,-7,141
3GDU,A,B,1.5,0,95.0,24,111,159,294,5,67,23,95,4.9955058790905555,66.91767617143847,22.909582849306304,94.82276489983533,8,74,20,102,0.20833333333333334,0.6036036036036037,0.14465408805031446,-7,158
3GDU,A,B,3.0,0,161.0,24,111,159,294,13,96,52,161,12.995175410303625,95.90689450242394,51.979962891709874,160.88203280443742,16,103,49,168,0.5416666666666666,0.8648648648648649,0.3270440251572327,-7,196
1FS2,A,B,-3.0,0,-180.0,24,97,138,259,-16,-91,-73,-180,-15.994017913372005,-91.01952115529623,-73.26624146623305,-180.2797805349013,-16,-87,-68,-171,-0.6666666666666666,-0.9381443298969072,-0.5289855072463768,-9,182
1FS2,A,B,-1.5,0,-118.0,24,97,138,259,-11,-77,-30,-118,-10.994941139814092,-76.91256222359931,-30.17358327218224,-118.08108663559564,-11,-73,-25,-109,-0.4583333333333333,-0.7938144329896907,-0.21739130434782608,-9,147
1FS2,A,B,0.0,0,-3.0,24,97,138,259,1,-2,-2,-3,1.1117471720920236,-1.907464905406509,-2.624596480963315,-3.4203142142778002,1,2,3,6,0.041666666666666664,-0.020618556701030927,-0.014492753623188406,-9,140
1FS2,A,B,1.5,0,102.0,24,97,138,259,9,72,21,102,8.99750665692974,72.02809740017199,20.805782971893933,101.83138702899566,9,76,26,111,0.375,0.7422680412371134,0.15217391304347827,-9,144
1FS2,A,B,3.0,0,158.0,24,97,138,259,18,91,49,158,17.995176955752832,90.91239429587094,48.80299486711711,157.71056611874084,18,95,54,167,0.75,0.9381443298969072,0.35507246376811596,-9,175
2AST,B,A,-3.0,0,-214.0,26,115,184,325,-21,-107,-86,-214,-20.05104898399389,-107.84491807007764,-86.07691328734137,-213.97288034141292,-22,-111,-78,-211,-0.8076923076923077,-0.9304347826086956,-0.4673913043478261,-3,210
2AST,B,A,-1.5,0,-139.0,26,115,184,325,-14,-84,-41,-139,-12.94107649205281,-84.85783486312324,-41.20515702428696,-139.004068379463,-15,-88,-33,-136,-0.5384615384615384,-0.7304347826086957,-0.22282608695652173,-3,176
2AST,B,A,0.0,0,-9.0,26,115,184,325,2,-7,-4,-9,2.940572515991887,-8.001399213366517,-4.218252458440015,-9.279079155814646,1,-11,4,-6,0.07692307692307693,-0.06086956521739131,-0.021739130434782608,-3,154
2AST,B,A,1.5,0,111.0,26,115,184,325,9,79,23,111,9.93846389840535,77.9676943373699,22.846562398042245,110.7527206338175,8,75,31,114,0.34615384615384615,0.6869565217391305,0.125,-3,176
2AST,B,A,3.0,0,182.0,26,115,184,325,19,106,57,182,19.934648052855653,104.96850604648452,56.8042401704664,181.7073942698065,18,102,65,185,0.7307692307692307,0.9217391304347826,0.30978260869565216,-3,201
3AAA,A,B,-3.0,0,-210.0,62,91,114,267,-53,-86,-71,-210,-53.0380023046676,-85.96449663261056,-71.05643711607561,-210.05893605335376,-53,-80,-69,-202,-0.8548387096774194,-0.945054945054945,-0.6228070175438597,-8,204
3AAA,A,B,-1.5,0,-153.0,62,91,114,267,-36,-77,-40,-153,-35.934188242686155,-76.96697216604288,-40.141487909278354,-153.04264831800737,-36,-71,-38,-145,-0.5806451612903226,-0.8461538461538461,-0.3508771929824561,-8,170
3AAA,A,B,0.0,0,-5.0,62,91,114,267,4,-11,2,-5,4.04380793369688,-10.997111765568842,1.944242679741956,-5.009061152130006,4,-5,4,3,0.06451612903225806,-0.12087912087912088,0.017543859649122806,-8,151
3AAA,A,B,1.5,0,125.0,62,91,114,267,33,70,22,125,33.037807175581044,69.97319052198168,21.837172959270088,124.84817065683282,33,76,24,133,0.532258064516129,0.7692307692307693,0.19298245614035087,-8,170
3AAA,A,B,3.0,0,179.0,62,91,114,267,47,81,51,179,46.932982823275275,80.9798150614425,50.911760833071355,178.8245587177891,47,87,53,187,0.7580645161290323,0.8901098901098901,0.4473684210526316,-8,190
1IZN,A,B,-3.0,0,-225.0,62,98,115,275,-51,-94,-80,-225,-50.867071886466796,-94.0204208556352,-79.97203925309644,-224.85953199519844,-53,-90,-77,-220,-0.8225806451612904,-0.9591836734693877,-0.6956521739130435,-5,218
1IZN,A,B,-1.5,0,-144.0,62,98,115,275,-29,-85,-30,-144,-28.877208658371163,-84.9820808581824,-29.8830710356926,-143.74236055224614,-31,-81,-27,-139,-0.46774193548387094,-0.8673469387755102,-0.2608695652173913,-5,196
1IZN,A,B,0.0,0,-22.0,62,98,115,275,-4,-21,3,-22,-3.7754921056629485,-21.196069866922095,3.145444221877878,-21.826117750707162,-6,-17,6,-17,-0.06451612903225806,-0.21428571428571427,0.02608695652173913,-5,196
1IZN,A,B,1.5,0,132.0,62,98,115,275,29,78,25,132,29.100542179226196,77.90601130433606,25.09597607601919,132.10252955958146,27,82,28,137,0.46774193548387094,0.7959183673469388,0.21739130434782608,-5,204
1IZN,A,B,3.0,0,205.0,62,98,115,275,48,92,65,205,47.994158648125165,91.91043632502641,65.09401543278803,204.9986104059396,46,96,68,210,0.7741935483870968,0.9387755102040817,0.5652173913043478,-5,224
3MTU,A,B,-3.0,0,-65.0,34,34,7,75,-27,-33,-5,-65,-26.987029148507585,-33.043955243873846,-4.997680127519115,-65.02866451990054,-27,-27,-4,-58,-0.7941176470588235,-0.9705882352941176,-0.7142857142857143,-7,55
3MTU,A,B,-1.5,0,-48.0,34,34,7,75,-17,-29,-2,-48,-16.99156590604284,-29.047211044235087,-1.9989981276583726,-48.0377750779363,-17,-23,-1,-41,-0.5,-0.8529411764705882,-0.2857142857142857,-7,47
3MTU,A,B,0.0,0,-3.0,34,34,7,75,3,-4,-2,-3,2.9992392699529553,-4.057760921296886,-1.9989981276583726,-3.0575197790023037,3,2,-1,4,0.08823529411764706,-0.11764705882352941,-0.2857142857142857,-7,42
3MTU,A,B,1.5,0,43.0,34,34,7,75,17,24,2,43,16.99635491554724,23.932201475595935,1.999984113561496,42.92854050470468,17,30,3,50,0.5,0.7058823529411765,0.2857142857142857,-7,47
3MTU,A,B,3.0,0,54.0,34,34,7,75,20,31,3,54,19.994771063789276,30.932329903733212,2.9995861648171913,53.92668713233968,20,37,4,61,0.5882352941176471,0.9117647058823529,0.42857142857142855,-7,60
3GJO,A,B,-3.0,0,-52.0,34,25,7,66,-24,-24,-4,-52,-23.052235095210616,-24.988558301188842,-3.9981810636899295,-52.03897446008939,-22,-17,-3,-42,-0.7058823529411765,-0.96,-0.5714285714285714,-10,43
3GJO,A,B,-1.5,0,-41.0,34,25,7,66,-14,-23,-4,-41,-13.058763141916602,-23.98868962061329,-3.9981810636899295,-41.04563382621982,-12,-16,-3,-31,-0.4117647058823529,-0.92,-0.5714285714285714,-10,37
3GJO,A,B,0.0,0,-6.0,34,25,7,66,2,-6,-2,-6,2.938294986423764,-6.996793585811089,-1.8871823578802558,-5.945680957267578,4,1,-1,4,0.058823529411764705,-0.24,-0.2857142857142857,-10,34
3GJO,A,B,1.5,0,35.0,34,25,7,66,15,21,-1,35,15.931867263966364,19.99336156267417,-0.9993960764026774,34.92583275023786,17,28,0,45,0.4411764705882353,0.84,-0.14285714285714285,-10,42
3GJO,A,B,3.0,0,49.0,34,25,7,66,22,23,4,49,22.928691617231177,21.992955670710618,3.9991882160728864,48.92083550401468,24,30,5,59,0.6470588235294118,0.92,0.5714285714285714,-10,48
1XQH,A,B,-3.0,0,-178.0,11,117,122,250,-9,-104,-65,-178,-8.99660042470178,-104.0195788806417,-64.99492918390493,-178.01110848924841,-5,-89,-66,-160,-0.8181818181818182,-0.8888888888888888,-0.5327868852459017,-18,173
1XQH,A,B,-1.5,0,-95.0,11,117,122,250,-8,-75,-12,-95,-7.9969165524994095,-74.80846142716774,-11.799097372612914,-94.60447535228008,-4,-60,-13,-77,-0.7272727272727273,-0.6410256410256411,-0.09836065573770492,-18,133
1XQH,A,B,0.0,0,-18.0,11,117,122,250,-2,-15,-1,-18,-1.999059559826363,-15.057979075765873,-0.6821359275105376,-17.73917456310277,2,0,-2,0,-0.18181818181818182,-0.1282051282051282,-0.00819672131147541,-18,125
1XQH,A,B,1.5,0,68.0,11,117,122,250,3,55,10,68,2.998806153767086,54.907610140777045,10.121348824765505,68.02776511930965,7,70,9,86,0.2727272727272727,0.4700854700854701,0.08196721311475409,-18,144
1XQH,A,B,3.0,0,161.0,11,117,122,250,9,104,48,161,8.999538505501679,103.90830845567922,47.75746566640662,160.6653126275875,13,119,47,179,0.8181818181818182,0.8888888888888888,0.39344262295081966,-18,177
1O9S,A,K,-3.0,0,-185.0,11,118,121,250,-11,-104,-70,-185,-10.996152977479705,-104.01994849738809,-70.05447554382472,-185.07057701869252,-6,-92,-69,-167,-1.0,-0.8813559322033898,-0.5785123966942148,-18,175
1O9S,A,K,-1.5,0,-101.0,11,118,121,250,-11,-74,-16,-101,-10.995598552360152,-73.9203055289438,-15.795184159705606,-100.71108824100955,-6,-62,-15,-83,-1.0,-0.6271186440677966,-0.1322314049586777,-18,135
1O9S,A,K,0.0,0,-5.0,11,118,121,250,-3,0,-2,-5,-2.9983738152823656,-0.06579634298650683,-1.9411242827483797,-5.005294441017251,2,12,-1,13,-0.2727272727272727,0.0,-0.01652892561983471,-18,123
1O9S,A,K,1.5,0,94.0,11,118,121,250,9,78,7,94,8.998758494451573,77.90701668316056,7.124678502854176,94.03045368046632,14,90,8,112,0.8181818181818182,0.6610169491525424,0.05785123966942149,-18,143
1O9S,A,K,3.0,0,161.0,11,118,121,250,9,104,48,161,8.999928511026733,103.90800097324508,47.91348351735746,160.82141300162925,14,116,49,179,0.8181818181818182,0.8813559322033898,0.39669421487603307,-18,176
3O1I,C,A,-3.0,0,-215.0,17,97,184,298,-17,-90,-108,-215,-17.993173704623644,-89.02420473694717,-107.96096997428461,-214.97834841585544,-18,-90,-102,-210,-1.0,-0.9278350515463918,-0.5869565217391305,-5,214
3O1I,C,A,-1.5,0,-125.0,17,97,184,298,-7,-78,-40,-125,-7.99914732621008,-77.02906551782354,-39.88475494575569,-124.91296778978929,-8,-78,-34,-120,-0.4117647058823529,-0.8041237113402062,-0.21739130434782608,-5,174
3O1I,C,A,0.0,0,-8.0,17,97,184,298,4,-21,9,-8,2.997745396631573,-19.938777300590875,9.262243618323415,-7.678788285635886,3,-21,15,-3,0.23529411764705882,-0.21649484536082475,0.04891304347826087,-5,173
3O1I,C,A,1.5,0,119.0,17,97,184,298,7,77,35,119,5.997331561448764,77.91491273137385,34.98254131628393,118.89478560910652,6,77,41,124,0.4117647058823529,0.7938144329896907,0.19021739130434784,-5,184
3O1I,C,A,3.0,0,188.0,17,97,184,298,12,88,88,188,10.998113117948074,88.91533844397928,87.98396699659237,187.89741855851972,11,88,94,193,0.7058823529411765,0.9072164948453608,0.4782608695652174,-5,207
3O1J,C,B,-3.0,0,-184.0,16,99,181,296,-10,-93,-81,-184,-10.997562696750965,-92.02122346144925,-81.05471270215048,-184.0734988603507,-12,-92,-74,-178,-0.625,-0.9393939393939394,-0.44751381215469616,-6,200
3O1J,C,B,-1.5,0,-130.0,16,99,181,296,-10,-79,-41,-130,-10.995571407580238,-78.02827678585304,-40.88569092131183,-129.9095391147451,-12,-78,-34,-124,-0.625,-0.797979797979798,-0.2265193370165746,-6,174
3O1J,C,B,0.0,0,-11.0,16,99,181,296,2,-9,-4,-11,0.9977612830700772,-8.05483312938942,-3.866465938405846,-10.923537784725188,0,-8,3,-5,0.125,-0.09090909090909091,-0.022099447513812154,-6,157
3O1J,C,B,1.5,0,97.0,16,99,181,296,6,73,18,97,4.999330793838745,73.9153969378012,17.976600567486717,96.89132829912667,4,74,25,103,0.375,0.7373737373737373,0.09944751381215469,-6,173
3O1J,C,B,3.0,0,173.0,16,99,181,296,10,93,70,173,8.99968902648679,93.91529872788303,69.90731985112998,172.82230760549976,8,94,77,179,0.625,0.9393939393939394,0.3867403314917127,-6,193
1BWU,D,A,-3.0,0,-82.0,26,33,50,109,-22,-30,-30,-82,-22.052196064416254,-29.987928848846536,-30.136540825132858,-82.17666573839567,-22,-26,-28,-76,-0.8461538461538461,-0.9090909090909091,-0.6,-6,82
1BWU,D,A,-1.5,0,-51.0,26,33,50,109,-12,-22,-17,-51,-12.05609657588529,-21.991012296347126,-17.143257632960314,-51.19036650519271,-12,-18,-15,-45,-0.46153846153846156,-0.6666666666666666,-0.34,-6,70
1BWU,D,A,0.0,0,-2.0,26,33,50,109,-2,1,-1,-2,-2.060612166940716,0.9998080261087131,-1.152421679944816,-2.2132258207768185,-2,5,1,4,-0.07692307692307693,0.030303030303030304,-0.02,-6,61
1BWU,D,A,1.5,0,41.0,26,33,50,109,9,18,14,41,8.9340234151115,17.996346972327988,13.84756108777871,40.7779314752182,9,22,16,47,0.34615384615384615,0.5454545454545454,0.28,-6,67
1BWU,D,A,3.0,0,73.0,26,33,50,109,18,29,26,73,17.93165315453338,28.99079951956548,25.84325823146304,72.76571090556189,18,33,28,79,0.6923076923076923,0.8787878787878788,0.52,-6,81
1KJ1,A,D,-3.0,0,-78.0,28,32,49,109,-18,-29,-31,-78,-18.05582148152387,-28.9889842101369,-30.990528052085555,-78.03533374374632,-16,-29,-28,-73,-0.6428571428571429,-0.90625,-0.6326530612244898,-5,77
1KJ1,A,D,-1.5,0,-45.0,28,32,49,109,-9,-22,-14,-45,-9.059097680616896,-21.992633968771486,-14.002245708903809,-45.05397735829219,-7,-22,-11,-40,-0.32142857142857145,-0.6875,-0.2857142857142857,-5,62
1KJ1,A,D,0.0,0,-6.0,28,32,49,109,-3,-2,-1,-6,-2.9474336289950043,-1.99877176402667,-1.1521134953664385,-6.098318888388112,-1,-2,2,-1,-0.10714285714285714,-0.0625,-0.02040816326530612,-5,51
1KJ1,A,D,1.5,0,29.0,28,32,49,109,4,16,9,29,3.9398938211621757,15.999092897441862,8.847087715857777,28.786074434461813,6,16,12,34,0.14285714285714285,0.5,0.1836734693877551,-5,52
1KJ1,A,D,3.0,0,59.0,28,32,49,109,16,26,17,59,15.934789085172309,25.989653332648075,16.845238486516102,58.769680904336475,18,26,20,64,0.5714285714285714,0.8125,0.3469387755102041,-5,68
1I7S,B,A,-3.0,0,-108.0,27,60,105,192,-23,-53,-32,-108,-22.992687457720223,-53.03796070173331,-31.653101339594915,-107.68374949904847,-24,-48,-31,-103,-0.8518518518518519,-0.8833333333333333,-0.3047619047619048,-5,127
1I7S,B,A,-1.5,0,-74.0,27,60,105,192,-17,-44,-13,-74,-16.880777165557156,-44.04025142679243,-12.736349888396838,-73.65737848074643,-18,-39,-12,-69,-0.6296296296296297,-0.7333333333333333,-0.12380952380952381,-5,105
1I7S,B,A,0.0,0,-11.0,27,60,105,192,-5,-4,-2,-11,-4.889045758552516,-4.059710655209097,-1.740709780778166,-10.689466194539776,-6,1,-1,-6,-0.18518518518518517,-0.06666666666666667,-0.01904761904761905,-5,100
1I7S,B,A,1.5,0,57.0,27,60,105,192,15,35,7,57,15.106893472696564,34.925566120918,7.369371490499963,57.40183108411452,14,40,8,62,0.5555555555555556,0.5833333333333334,0.06666666666666667,-5,109
1I7S,B,A,3.0,0,95.0,27,60,105,192,21,51,23,95,20.992771831399295,50.922852168292366,23.47625594856307,95.39187994825473,20,56,24,100,0.7777777777777778,0.85,0.21904761904761905,-5,121
1I7Q,B,A,-3.0,0,-111.0,24,60,108,192,-18,-54,-39,-111,-17.993016041030376,-54.977596000274474,-37.86176669543724,-110.8323787367421,-21,-47,-38,-106,-0.75,-0.9,-0.3611111111111111,-5,120
1I7Q,B,A,-1.5,0,-54.0,24,60,108,192,-9,-35,-10,-54,-8.886406327348023,-35.98261644252632,-8.76047372257067,-53.62949649244502,-12,-28,-9,-49,-0.375,-0.5833333333333334,-0.09259259259259259,-5,90
1I7Q,B,A,0.0,0,-18.0,24,60,108,192,-4,-15,1,-18,-3.8882535956560313,-15.992961112483158,2.2377536545968013,-17.64346105354239,-7,-8,2,-13,-0.16666666666666666,-0.25,0.009259259259259259,-5,85
1I7Q,B,A,1.5,0,36.0,24,60,108,192,2,34,0,36,2.1109179562772016,32.989912964405974,1.232567741353974,36.333398662037155,-1,41,1,41,0.08333333333333333,0.5666666666666667,0.0,-5,96
1I7Q,B,A,3.0,0,80.0,24,60,108,192,13,48,19,80,13.109721218757112,46.98725575133311,20.119286415592985,80.21626338568322,10,55,20,85,0.5416666666666666,0.8,0.17592592592592593,-5,110
1X27,B,D,-3.0,0,-122.0,20,66,78,164,-17,-60,-45,-122,-16.992962552081636,-60.03431094309873,-44.99041285507225,-122.01768635025265,-16,-61,-42,-119,-0.85,-0.9090909090909091,-0.5769230769230769,-3,117
1X27,B,D,-1.5,0,-66.0,20,66,78,164,-7,-47,-12,-66,-6.996431502767101,-46.926604834689805,-11.783988066010721,-65.70702440346763,-6,-48,-9,-63,-0.35,-0.7121212121212122,-0.15384615384615385,-3,87
1X27,B,D,0.0,0,-8.0,20,66,78,164,0,-12,4,-8,0.0011093621083169136,-11.941547144757994,4.214732294155217,-7.7257054884944605,1,-13,7,-5,0.0,-0.18181818181818182,0.05128205128205128,-3,84
1X27,B,D,1.5,0,50.0,20,66,78,164,7,37,6,50,7.000252582043613,36.93612164520138,6.101792347244482,50.03816657448948,8,36,9,53,0.35,0.5606060606060606,0.07692307692307693,-3,84
1X27,B,D,3.0,0,100.0,20,66,78,164,16,56,28,100,15.999092897441862,55.93139257374727,27.990642416602874,99.92112788779201,17,55,31,103,0.8,0.8484848484848485,0.358974358974359,-3,107
3UA7,A,B,-3.0,0,-43.0,12,27,24,63,-9,-24,-10,-43,-9.996811577243786,-23.049361367108265,-9.99989725849924,-43.046070202851276,-7,-21,-8,-36,-0.75,-0.8888888888888888,-0.4166666666666667,-7,42
3UA7,A,B,-1.5,0,-19.0,12,27,24,63,-5,-12,-2,-19,-5.997706471687938,-11.053585949594176,-2.076444885912209,-19.127737307194327,-3,-9,0,-12,-0.4166666666666667,-0.4444444444444444,-0.08333333333333333,-7,32
3UA7,A,B,0.0,0,1.0,12,27,24,63,0,2,-1,1,-0.9998415357956377,3.052963099668241,-1.004856562184616,1.0482650016879878,2,5,1,8,0.0,0.07407407407407407,-0.041666666666666664,-7,33
3UA7,A,B,1.5,0,13.0,12,27,24,63,1,12,0,13,6.870003843517658e-05,12.93696186759406,-0.0767689569290908,12.860261610703402,3,15,2,20,0.08333333333333333,0.4444444444444444,0.0,-7,31
3UA7,A,B,3.0,0,37.0,12,27,24,63,7,21,9,37,5.999322850619492,21.9350221719422,8.921188359992543,36.855533382554235,9,24,11,44,0.5833333333333334,0.7777777777777778,0.375,-7,42
1SG1,X,A,-3.0,0,-114.0,16,89,55,160,-12,-79,-23,-114,-11.995282424562523,-79.46484002557322,-24.321800471297557,-115.78192292143332,-8,-64,-18,-90,-0.75,-0.8876404494382022,-0.41818181818181815,-24,97
1SG1,X,A,-1.5,0,-94.0,16,89,55,160,-10,-66,-18,-94,-9.995729871784599,-66.54799828838694,-19.401136053117916,-95.94486421328945,-6,-51,-13,-70,-0.625,-0.7415730337078652,-0.32727272727272727,-24,90
1SG1,X,A,0.0,0,-6.0,16,89,55,160,1,-4,-3,-6,1.000095044207257,-4.575748879468393,-4.3686352304557285,-7.944289065716865,5,11,2,18,0.0625,-0.0449438202247191,-0.05454545454545454,-24,89
1SG1,X,A,1.5,0,88.0,16,89,55,160,8,73,7,88,7.997904605674044,72.39582309734877,5.591475641398109,85.98520334442091,12,88,12,112,0.5,0.8202247191011236,0.12727272727272726,-24,105
1SG1,X,A,3.0,0,105.0,16,89,55,160,10,77,18,105,9.997580534657164,76.47293019186029,16.80942089566369,103.27993162218112,14,92,23,129,0.625,0.8651685393258427,0.32727272727272727,-24,111
3BUK,C,B,-3.0,0,-124.0,22,80,57,159,-22,-74,-28,-124,-21.990273062854392,-74.25060621935035,-29.246632276191832,-125.48751155839653,-18,-58,-25,-101,-1.0,-0.925,-0.49122807017543857,-23,101
3BUK,C,B,-1.5,0,-87.0,22,80,57,159,-9,-59,-19,-87,-8.995861191209045,-59.40252324854993,-20.400819925320285,-88.79920436507926,-5,-43,-16,-64,-0.4090909090909091,-0.7375,-0.3333333333333333,-23,90
3BUK,C,B,0.0,0,-2.0,22,80,57,159,-1,5,-6,-2,-0.9991908792508085,4.605844988694554,-7.405627264923691,-3.798973155479946,3,21,-3,21,-0.045454545454545456,0.0625,-0.10526315789473684,-23,84
3BUK,C,B,1.5,0,81.0,22,80,57,159,11,60,10,81,10.997490770491236,59.55051157641019,8.515482960926997,79.06348530782842,15,76,13,104,0.5,0.75,0.17543859649122806,-23,103
3BUK,C,B,3.0,0,119.0,22,80,57,159,21,74,24,119,20.995543131620128,73.61969786668266,22.59376316291207,117.20900416121484,25,90,27,142,0.9545454545454546,0.925,0.42105263157894735,-23,120
1BOU,B,A,-3.0,0,-181.0,32,86,180,298,-27,-78,-76,-181,-26.989246848985793,-78.96760642427998,-74.88969344170236,-180.84654671496816,-24,-66,-75,-165,-0.84375,-0.9069767441860465,-0.4222222222222222,-16,195
1BOU,B,A,-1.5,0,-75.0,32,86,180,298,-13,-48,-14,-75,-12.996094976237693,-48.97721312254484,-12.434600274961852,-74.40790837374439,-10,-36,-13,-59,-0.40625,-0.5581395348837209,-0.07777777777777778,-16,149
1BOU,B,A,0.0,0,-12.0,32,86,180,298,0,-14,2,-12,-0.0002041257376654837,-14.991121797347496,3.6764698913230696,-11.31485603176209,3,-2,3,4,0.0,-0.16279069767441862,0.011111111111111112,-16,135
1BOU,B,A,1.5,0,58.0,32,86,180,298,6,47,5,58,5.995909107876189,45.98455659591528,6.666694519250487,58.647160223041965,9,59,6,74,0.1875,0.5465116279069767,0.027777777777777776,-16,156
1BOU,B,A,3.0,0,150.0,32,86,180,298,19,73,58,150,18.995517756513166,71.98358838267181,58.84404038677132,149.8231465259563,22,85,59,166,0.59375,0.8488372093023255,0.32222222222222224,-16,188
1B4U,B,A,-3.0,0,-193.0,33,87,178,298,-27,-77,-89,-193,-26.991792563276075,-77.96718331858489,-87.84355779670436,-192.80253367856528,-24,-65,-88,-177,-0.8181818181818182,-0.8850574712643678,-0.5,-16,203
1B4U,B,A,-1.5,0,-68.0,33,87,178,298,-8,-45,-15,-68,-8.000406137889305,-45.97736032840779,-13.951787890574046,-67.92955435687115,-5,-33,-14,-52,-0.24242424242424243,-0.5172413793103449,-0.08426966292134831,-16,160
1B4U,B,A,0.0,0,-13.0,33,87,178,298,-2,-10,-1,-13,-1.8909385725900099,-10.992960344735103,0.44220754546751984,-12.441691371857592,1,2,0,3,-0.06060606060606061,-0.11494252873563218,-0.0056179775280898875,-16,152
1B4U,B,A,1.5,0,55.0,33,87,178,298,7,40,8,55,6.995571813598726,38.98717759937476,9.221214091277808,55.2039635042513,10,52,9,71,0.21212121212121213,0.45977011494252873,0.0449438202247191,-16,157
1B4U,B,A,3.0,0,155.0,33,87,178,298,22,71,62,155,21.994713915805306,69.97814419175958,62.88340684413001,154.85626495169487,25,83,63,171,0.6666666666666666,0.8160919540229885,0.34831460674157305,-16,183
1GO4,A,G,-3.0,0,-133.0,26,68,102,196,-21,-64,-48,-133,-20.993874138435032,-64.03064392305683,-48.05976708001392,-133.0842851415058,-17,-60,-49,-126,-0.8076923076923077,-0.9411764705882353,-0.47058823529411764,-7,142
1GO4,A,G,-1.5,0,-81.0,26,68,102,196,-16,-49,-16,-81,-15.995085160676812,-49.03762336973317,-16.07064283948528,-81.10335136989526,-12,-45,-17,-74,-0.6153846153846154,-0.7205882352941176,-0.1568627450980392,-7,125
1GO4,A,G,0.0,0,-6.0,26,68,102,196,-1,-5,0,-6,-1.0034181427311415,-5.059392194308019,-0.00330270974519975,-6.066113046784361,3,-1,-1,1,-0.038461538461538464,-0.07352941176470588,0.0,-7,119
1GO4,A,G,1.5,0,77.0,26,68,102,196,11,52,14,77,10.99291298947286,51.918122897227015,13.991740309719777,76.90277619641967,15,56,13,84,0.4230769230769231,0.7647058823529411,0.13725490196078433,-7,131
1GO4,A,G,3.0,0,119.0,26,68,102,196,20,62,37,119,19.993949791193703,61.91769472105491,36.91316583935243,118.82481035160103,24,66,36,126,0.7692307692307693,0.9117647058823529,0.3627450980392157,-7,142
3R2D,B,K,-3.0,0,-97.0,15,54,69,138,-13,-51,-33,-97,-12.994411871645339,-51.03604724303829,-32.98985419355599,-97.02031330823965,-13,-58,-30,-101,-0.8666666666666667,-0.9444444444444444,-0.4782608695652174,4,97
3R2D,B,K,-1.5,0,-75.0,15,54,69,138,-9,-49,-17,-75,-9.000028577923684,-48.92611578453342,-16.998073809895896,-74.92421817235302,-9,-56,-14,-79,-0.6,-0.9074074074074074,-0.2463768115942029,4,81
3R2D,B,K,0.0,0,-9.0,15,54,69,138,0,-5,-4,-9,-0.0028732162331396305,-4.943327700856681,-4.076160521038494,-9.022361438128314,0,-12,-1,-13,0.0,-0.09259259259259259,-0.057971014492753624,4,78
3R2D,B,K,1.5,0,55.0,15,54,69,138,4,41,10,55,3.995308625157939,41.03667730282264,9.919395102455582,54.95138103043615,4,34,13,51,0.26666666666666666,0.7592592592592593,0.14492753623188406,4,80
3R2D,B,K,3.0,0,87.0,15,54,69,138,11,50,26,87,10.996792580387808,50.03350586471456,25.841615686271897,86.87191413137428,11,43,29,83,0.7333333333333333,0.9259259259259259,0.37681159420289856,4,91
3R2C,A,J,-3.0,0,-100.0,16,52,70,138,-13,-51,-36,-100,-12.99584873569652,-51.037156093277396,-35.98636009587282,-100.01936492484674,-11,-59,-34,-104,-0.8125,-0.9807692307692307,-0.5142857142857142,4,95
3R2C,A,J,-1.5,0,-77.0,16,52,70,138,-9,-50,-18,-77,-8.999658961177317,-50.035624137343184,-17.883396198029867,-76.91867929655037,-7,-58,-16,-81,-0.5625,-0.9615384615384616,-0.2571428571428571,4,77
3R2C,A,J,0.0,0,-5.0,16,52,70,138,0,-3,-2,-5,0.10693087559556436,-3.0556103107782504,-1.892067252062808,-4.840746687245494,2,-11,0,-9,0.0,-0.057692307692307696,-0.02857142857142857,4,75
3R2C,A,J,1.5,0,63.0,16,52,70,138,7,48,8,63,6.991630496802735,47.92170598137496,8.100154712824722,63.01349119100242,9,40,10,59,0.4375,0.9230769230769231,0.11428571428571428,4,75
3R2C,A,J,3.0,0,89.0,16,52,70,138,9,50,30,89,8.993215894009907,49.92091008388635,29.99153032585087,88.90565630374712,11,42,32,85,0.5625,0.9615384615384616,0.42857142857142855,4,82
1P27,A,C,-3.0,0,-123.0,13,62,69,144,-12,-60,-51,-123,-11.994727999442969,-60.03611742389627,-50.98180298728156,-123.01264841062081,-13,-58,-48,-119,-0.9230769230769231,-0.967741935483871,-0.7391304347826086,-4,109
1P27,A,C,-1.5,0,-95.0,13,62,69,144,-12,-52,-31,-95,-11.995467232935706,-52.04517473890905,-30.98962383945333,-95.03026581129808,-13,-50,-28,-91,-0.9230769230769231,-0.8387096774193549,-0.4492753623188406,-4,97
1P27,A,C,0.0,0,-12.0,13,62,69,144,2,-11,-3,-12,1.9985069838221634,-11.060822926421082,-3.0034427401369523,-12.065758682735874,1,-9,0,-8,0.15384615384615385,-0.1774193548387097,-0.043478260869565216,-4,96
1P27,A,C,1.5,0,65.0,13,62,69,144,9,37,19,65,8.998368488926522,36.92099254852673,18.992439343128158,64.91180038058143,8,39,22,69,0.6923076923076923,0.5967741935483871,0.2753623188405797,-4,94
1P27,A,C,3.0,0,92.0,13,62,69,144,10,50,32,92,9.995589245486435,49.915326221899214,31.986403106041216,91.89731857342687,9,52,35,96,0.7692307692307693,0.8064516129032258,0.463768115942029,-4,96
1HL6,D,C,-3.0,0,-110.0,32,38,73,143,-31,-33,-46,-110,-30.047333280898037,-33.987561234742024,-45.98625735437207,-110.02115187001212,-27,-37,-43,-107,-0.96875,-0.868421052631579,-0.6301369863013698,-3,104
1HL6,D,C,-1.5,0,-63.0,32,38,73,143,-20,-27,-16,-63,-18.94478397603285,-27.98816434291551,-16.008654568125543,-62.9416028870739,-16,-31,-13,-60,-0.625,-0.7105263157894737,-0.2191780821917808,-3,87
1HL6,D,C,0.0,0,-5.0,32,38,73,143,-2,-7,4,-5,-0.9505138120529679,-7.996662266386642,3.988247633431474,-4.958928445008137,2,-11,7,-2,-0.0625,-0.18421052631578946,0.0547945205479452,-3,81
1HL6,D,C,1.5,0,48.0,32,38,73,143,14,20,14,48,14.935139500358009,18.99445770152191,13.983199636994375,47.9127968388743,18,16,17,51,0.4375,0.5263157894736842,0.1917808219178082,-3,94
1HL6,D,C,3.0,0,97.0,32,38,73,143,26,34,37,97,26.936932483471203,32.991698278723696,36.98983217812496,96.91846294031986,30,30,40,100,0.8125,0.8947368421052632,0.5068493150684932,-3,99
2VJF,A,B,-3.0,0,-42.0,24,21,19,64,-16,-20,-6,-42,-15.940100963880006,-20.063938449447672,-6.180083262786848,-42.18412267611453,-16,-28,-7,-51,-0.6666666666666666,-0.9523809523809523,-0.3157894736842105,9,47
2VJF,A,B,-1.5,0,-24.0,24,21,19,64,-9,-14,-1,-24,-8.943053091956148,-14.140346814216937,-1.1821153394680388,-24.26551524564113,-9,-22,-2,-33,-0.375,-0.6666666666666666,-0.05263157894736842,9,38
2VJF,A,B,0.0,0,3.0,24,21,19,64,-1,3,1,3,-0.9467516190431318,2.852432996763027,0.8150763073927894,2.7207576851126842,-1,-5,0,-6,-0.041666666666666664,0.14285714285714285,0.05263157894736842,9,32
2VJF,A,B,1.5,0,26.0,24,21,19,64,11,14,1,26,11.048245854692357,13.847356592771098,0.813085018222061,25.708687465685514,11,6,0,17,0.4583333333333333,0.6666666666666666,0.05263157894736842,9,34
2VJF,A,B,3.0,0,43.0,24,21,19,64,19,19,5,43,19.04623228131308,18.84604387267317,4.816645818161457,42.70892197214771,19,11,4,34,0.7916666666666666,0.9047619047619048,0.2631578947368421,9,41
2VJE,D,C,-3.0,0,-47.0,17,24,21,62,-15,-24,-8,-47,-15.053156903321673,-23.98890157376639,-8.107669931871559,-47.14972840895961,-16,-31,-8,-55,-0.8823529411764706,-1.0,-0.38095238095238093,8,50
2VJE,D,C,-1.5,0,-23.0,17,24,21,62,-8,-15,0,-23,-7.943738836500147,-14.992752586757653,-0.2578051154021017,-23.194296538659902,-9,-22,0,-31,-0.47058823529411764,-0.625,0.0,8,35
2VJE,D,C,0.0,0,9.0,17,24,21,62,4,4,1,9,4.049430212256817,3.9252325986112426,0.7418787568002685,8.71654156766833,3,-3,1,1,0.23529411764705882,0.16666666666666666,0.047619047619047616,8,30
2VJE,D,C,1.5,0,26.0,17,24,21,62,5,20,1,26,5.049032263512512,19.918946461947893,0.7418787568002685,25.709857482260674,4,13,1,18,0.29411764705882354,0.8333333333333334,0.047619047619047616,8,33
2VJE,D,C,3.0,0,41.0,17,24,21,62,13,22,6,41,13.048619973778907,21.918047577032777,5.741449035178956,40.70811658599063,12,15,6,33,0.7647058823529411,0.9166666666666666,0.2857142857142857,8,37
3BH6,B,A,-3.0,0,-216.0,28,115,171,314,-28,-109,-79,-216,-28.048492816832937,-108.95315990905503,-79.64353258450107,-216.64518531038905,-27,-101,-77,-205,-1.0,-0.9478260869565217,-0.4619883040935672,-11,211
3BH6,B,A,-1.5,0,-138.0,28,115,171,314,-14,-92,-32,-138,-14.051994052264616,-91.95791771245798,-32.4821028749503,-138.4920146396729,-13,-84,-30,-127,-0.5,-0.8,-0.1871345029239766,-11,180
3BH6,B,A,0.0,0,4.0,28,115,171,314,4,3,-3,4,3.9418647215542193,3.0036774960873713,-3.334244554009333,3.611297663632258,5,11,-1,15,0.14285714285714285,0.02608695652173913,-0.017543859649122806,-11,164
3BH6,B,A,1.5,0,119.0,28,115,171,314,17,79,23,119,16.94020065990258,78.9766290827339,22.73162083474557,118.64845057738205,18,87,25,130,0.6071428571428571,0.6869565217391305,0.13450292397660818,-11,183
3BH6,B,A,3.0,0,193.0,28,115,171,314,26,107,60,193,25.9343609090002,106.96053952855983,59.49977083795657,192.3946712755166,27,115,62,204,0.9285714285714286,0.9304347826086956,0.3508771929824561,-11,210
3BH7,B,A,-3.0,0,-237.0,25,116,173,314,-24,-112,-101,-237,-24.049942136396638,-111.95313556752805,-101.30436895156873,-237.30744665549344,-24,-105,-97,-226,-0.96,-0.9655172413793104,-0.5838150289017341,-11,228
3BH7,B,A,-1.5,0,-142.0,25,116,173,314,-16,-93,-33,-142,-16.052840775524043,-92.9582793859851,-33.74301515887784,-142.75413532038698,-16,-86,-29,-131,-0.64,-0.8017241379310345,-0.1907514450867052,-11,166
3BH7,B,A,0.0,0,-14.0,25,116,173,314,0,-19,5,-14,-0.058185326515448055,-18.991278184327257,4.58436340823946,-14.46510010260324,0,-12,9,-3,0.0,-0.16379310344827586,0.028901734104046242,-11,155
3BH7,B,A,1.5,0,98.0,25,116,173,314,12,73,13,98,11.936873873101087,72.97760100207151,12.474803661522063,97.38927853669463,12,80,17,109,0.48,0.6293103448275862,0.07514450867052024,-11,159
3BH7,B,A,3.0,0,191.0,25,116,173,314,20,106,65,191,19.936748601466025,105.96210749387927,64.64807625067061,190.54693234601592,20,113,69,202,0.8,0.9137931034482759,0.37572254335260113,-11,204
2Y8S,D,E,-3.0,0,-295.0,32,137,222,391,-27,-128,-140,-295,-26.991607754902887,-128.08252083314062,-140.62712251694802,-295.7012511049915,-27,-123,-141,-291,-0.84375,-0.9343065693430657,-0.6306306306306306,-4,285
2Y8S,D,E,-1.5,0,-140.0,32,137,222,391,-13,-96,-31,-140,-12.997593272456859,-95.98426913534226,-31.644849682483425,-140.62671209028252,-13,-91,-32,-136,-0.40625,-0.7007299270072993,-0.13963963963963963,-4,196
2Y8S,D,E,0.0,0,3.0,32,137,222,391,3,-5,5,3,2.994455030093464,-4.911217385524137,4.117922837752031,2.2011604823213577,3,0,4,7,0.09375,-0.0364963503649635,0.02252252252252252,-4,191
2Y8S,D,E,1.5,0,135.0,32,137,222,391,20,86,29,135,19.98762717970193,85.9452437790924,28.232543197579176,134.16541415637352,20,91,28,139,0.625,0.6277372262773723,0.13063063063063063,-4,207
2Y8S,D,E,3.0,0,219.0,32,137,222,391,26,119,74,219,25.992732115303035,118.94767006071704,73.23310864760765,218.17351082362774,26,124,73,223,0.8125,0.8686131386861314,0.3333333333333333,-4,236
2Y8T,D,E,-3.0,0,-283.0,35,143,217,395,-30,-128,-125,-283,-29.990289754763634,-129.02442194571586,-124.83931453111632,-283.85402623159575,-29,-123,-126,-278,-0.8571428571428571,-0.8951048951048951,-0.576036866359447,-5,281
2Y8T,D,E,-1.5,0,-142.0,35,143,217,395,-22,-105,-15,-142,-22.070204103230516,-106.06575856890606,-15.174738988562101,-143.3107016606987,-21,-100,-16,-137,-0.6285714285714286,-0.7342657342657343,-0.06912442396313365,-5,206
2Y8T,D,E,0.0,0,-13.0,35,143,217,395,1,-17,3,-13,0.9209659590622189,-18.1006377079567,3.034354901059538,-14.145316847834945,2,-12,2,-8,0.02857142857142857,-0.11888111888111888,0.013824884792626729,-5,198
2Y8T,D,E,1.5,0,124.0,35,143,217,395,13,84,27,124,12.994088286089347,82.87256459307315,27.29680800382405,123.16346088298656,14,89,26,129,0.37142857142857144,0.5874125874125874,0.12442396313364056,-5,203
2Y8T,D,E,3.0,0,228.0,35,143,217,395,28,122,78,228,27.992757490409993,120.74215620927299,78.13159766271681,226.86651136239982,29,127,77,233,0.8,0.8531468531468531,0.35944700460829493,-5,235
2OJE,D,A,-3.0,0,-177.0,15,91,108,214,-15,-88,-74,-177,-14.993964424423263,-88.02046953868913,-73.97629692579933,-176.99073088891174,-17,-91,-75,-183,-1.0,-0.967032967032967,-0.6851851851851852,6,170
2OJE,D,A,-1.5,0,-107.0,15,91,108,214,-7,-72,-28,-107,-6.997129692870531,-72.03279510957569,-27.99783974897069,-107.02776455141691,-9,-75,-29,-113,-0.4666666666666667,-0.7912087912087912,-0.25925925925925924,6,131
2OJE,D,A,0.0,0,-9.0,15,91,108,214,3,-11,-1,-9,3.1106219235452026,-10.946191968060168,-0.856207109837464,-8.69177715435243,1,-14,-2,-15,0.2,-0.12087912087912088,-0.009259259259259259,6,133
2OJE,D,A,1.5,0,97.0,15,91,108,214,7,71,19,97,6.997214358789867,70.90805749389732,18.903435263806205,96.8087071164934,5,68,18,91,0.4666666666666667,0.7802197802197802,0.17592592592592593,6,131
2OJE,D,A,3.0,0,146.0,15,91,108,214,11,88,47,146,10.996792580387806,87.91163811447859,46.9751987568691,145.88362945173546,9,85,46,140,0.7333333333333333,0.967032967032967,0.4351851851851852,6,142
1R5I,D,A,-3.0,0,-180.0,15,92,107,214,-14,-90,-76,-180,-13.994280552220893,-90.02223979194525,-75.97950404310663,-179.9960243872728,-18,-93,-75,-186,-0.9333333333333333,-0.9782608695652174,-0.7102803738317757,6,170
1R5I,D,A,-1.5,0,-102.0,15,92,107,214,-9,-66,-27,-102,-8.884415038177295,-66.03239240261237,-26.88471843456584,-101.80152587535548,-13,-69,-26,-108,-0.6,-0.717391304347826,-0.2523364485981308,6,135
1R5I,D,A,0.0,0,-11.0,15,92,107,214,6,-14,-3,-11,5.998310497637601,-14.053364790059788,-2.783157020986736,-10.838211313408923,2,-17,-2,-17,0.4,-0.15217391304347827,-0.028037383177570093,6,118
1R5I,D,A,1.5,0,99.0,15,92,107,214,8,72,19,99,7.9975146001489925,71.91203212901951,18.976570386373428,98.88611711554194,4,69,20,93,0.5333333333333333,0.782608695652174,0.17757009345794392,6,135
1R5I,D,A,3.0,0,151.0,15,92,107,214,13,88,50,151,12.998726721574567,87.92333828023018,49.990118921799734,150.9121839236045,9,85,51,145,0.8666666666666667,0.9565217391304348,0.4672897196261682,6,157
2H9A,A,B,-3.0,0,-229.0,38,131,214,383,-35,-119,-75,-229,-34.98542416799246,-119.00914950704285,-74.64595293105998,-228.6405266060953,-36,-112,-74,-222,-0.9210526315789473,-0.9083969465648855,-0.35046728971962615,-7,250
2H9A,A,B,-1.5,0,-138.0,38,131,214,383,-21,-84,-33,-138,-20.98999321027395,-84.02475103109668,-32.667340093279925,-137.68208433465054,-22,-77,-32,-131,-0.5526315789473685,-0.6412213740458015,-0.1542056074766355,-7,198
2H9A,A,B,0.0,0,-12.0,38,131,214,383,0,-6,-6,-12,0.11452826464746202,-6.057492810658834,-5.678521666391993,-11.621486212403365,-1,1,-5,-5,0.0,-0.04580152671755725,-0.028037383177570093,-7,184
2H9A,A,B,1.5,0,110.0,38,131,214,383,11,79,20,110,11.001125751824203,78.9155694685711,20.12781906984072,110.04451429023601,10,86,21,117,0.2894736842105263,0.6030534351145038,0.09345794392523364,-7,205
2H9A,A,B,3.0,0,214.0,38,131,214,383,30,120,64,214,29.993911620546648,119.89968376571093,64.08484694120374,213.97844232746132,29,127,65,221,0.7894736842105263,0.916030534351145,0.29906542056074764,-7,234
1XVP,B,A,-3.0,0,-194.0,26,83,137,246,-25,-79,-90,-194,-24.989879104581053,-79.0257171977192,-89.97138208647615,-193.98697838877638,-22,-77,-91,-190,-0.9615384615384616,-0.9518072289156626,-0.656934306569343,-4,201
1XVP,B,A,-1.5,0,-121.0,26,83,137,246,-23,-69,-29,-121,-22.989279133732012,-69.02832405057595,-29.067887661675606,-121.08549084598357,-20,-67,-30,-117,-0.8846153846153846,-0.8313253012048193,-0.2116788321167883,-4,171
1XVP,B,A,0.0,0,-9.0,26,83,137,246,-6,-5,2,-9,-5.995658657235099,-5.0506879944074115,2.2171517131835383,-8.829194938458972,-3,-3,1,-5,-0.23076923076923078,-0.060240963855421686,0.014598540145985401,-4,157
1XVP,B,A,1.5,0,94.0,26,83,137,246,13,59,22,94,12.998234800037206,58.9270585882483,21.98703684863514,93.91233023692065,16,61,21,98,0.5,0.7108433734939759,0.16058394160583941,-4,170
1XVP,B,A,3.0,0,196.0,26,83,137,246,26,78,92,196,25.99706343762408,77.91600760744667,91.9827652071402,195.89583625221098,29,80,91,200,1.0,0.9397590361445783,0.6715328467153284,-4,206
1XV9,B,A,-3.0,0,-204.0,26,85,135,246,-25,-79,-100,-204,-24.989694296207865,-79.02738047307787,-99.97164896172174,-203.98872373100744,-23,-78,-99,-200,-0.9615384615384616,-0.9294117647058824,-0.7407407407407407,-4,202
1XV9,B,A,-1.5,0,-125.0,26,85,135,246,-24,-71,-30,-125,-23.989825615632313,-71.02843102847342,-29.885227304002818,-124.90348394810856,-22,-70,-29,-121,-0.9230769230769231,-0.8352941176470589,-0.2222222222222222,-4,170
1XV9,B,A,0.0,0,-13.0,26,85,135,246,-2,-14,3,-13,-1.8860510515909557,-14.048253750401692,3.217985431338541,-12.716319370654109,0,-13,4,-9,-0.07692307692307693,-0.16470588235294117,0.022222222222222223,-4,154
1XV9,B,A,1.5,0,103.0,26,85,135,246,21,63,19,103,20.998273170295498,62.92569286318973,18.839106626421845,102.76307265990707,23,64,20,107,0.8076923076923077,0.7411764705882353,0.14074074074074075,-4,170
1XV9,B,A,3.0,0,177.0,26,85,135,246,25,75,77,177,24.994341342167964,74.91252138737894,76.97383170526184,176.88069443480876,27,76,78,181,0.9615384615384616,0.8823529411764706,0.5703703703703704,-4,199
3PNL,A,B,-3.0,0,-232.0,23,115,218,356,-23,-98,-111,-232,-22.990511360176317,-98.01878672769831,-110.69890107116768,-231.7081991590423,-22,-80,-112,-214,-1.0,-0.8521739130434782,-0.5091743119266054,-18,227
3PNL,A,B,-1.5,0,-90.0,23,115,218,356,-6,-67,-17,-90,-5.998944116887328,-67.02875033131818,-16.255052721099894,-89.2827471693054,-5,-49,-18,-72,-0.2608695652173913,-0.5826086956521739,-0.0779816513761468,-18,176
3PNL,A,B,0.0,0,-13.0,23,115,218,356,-1,-22,10,-13,-0.7754563522680658,-22.0471419809943,10.662600221923615,-12.159998111338746,0,-4,9,5,-0.043478260869565216,-0.19130434782608696,0.045871559633027525,-18,175
3PNL,A,B,1.5,0,94.0,23,115,218,356,7,68,19,94,6.997276084670911,68.0298740035224,19.2845833198024,94.31173340799572,8,86,18,112,0.30434782608695654,0.591304347826087,0.0871559633027523,-18,186
3PNL,A,B,3.0,0,189.0,23,115,218,356,20,95,74,189,19.99711109693959,94.9100224898436,73.90689807272793,188.8140316595111,21,113,73,207,0.8695652173913043,0.8260869565217391,0.3394495412844037,-18,227
2R9Q,B,D,-3.0,0,-232.0,23,119,200,342,-20,-108,-104,-232,-19.99219897706194,-108.01507102460245,-103.74619848585544,-231.75346848751983,-20,-103,-99,-222,-0.8695652173913043,-0.907563025210084,-0.52,-10,228
2R9Q,B,D,-1.5,0,-145.0,23,119,200,342,-16,-82,-47,-145,-15.995269969049994,-81.91360911984812,-46.66767577441469,-144.5765548633128,-16,-77,-42,-135,-0.6956521739130435,-0.6890756302521008,-0.235,-10,187
2R9Q,B,D,0.0,0,-10.0,23,119,200,342,2,-11,-1,-10,1.9982191880224702,-11.056673349344404,-0.6432270675525881,-9.70168122887452,2,-6,4,0,0.08695652173913043,-0.09243697478991597,-0.005,-10,178
2R9Q,B,D,1.5,0,120.0,23,119,200,342,11,83,26,120,10.996361313317289,83.02476689806767,26.197295345055796,120.21842355644074,11,88,31,130,0.4782608695652174,0.6974789915966386,0.13,-10,182
2R9Q,B,D,3.0,0,194.0,23,119,200,342,18,102,74,194,17.994355683157263,102.02057137896634,74.19350449613438,194.20843155825793,18,107,79,204,0.782608695652174,0.8571428571428571,0.37,-10,215
1I8L,A,C,-3.0,0,-134.0,11,96,92,199,-11,-83,-40,-134,-10.995598552360152,-83.02588955057985,-40.28759577420869,-134.3090838771487,-15,-69,-43,-127,-1.0,-0.8645833333333334,-0.43478260869565216,-7,138
1I8L,A,C,-1.5,0,-85.0,11,96,92,199,-7,-65,-13,-85,-6.999039161094585,-65.03412556522747,-13.18798989640544,-85.22115462272747,-11,-51,-16,-78,-0.6363636363636364,-0.6770833333333334,-0.14130434782608695,-7,118
1I8L,A,C,0.0,0,-13.0,11,96,92,199,0,-15,2,-13,-0.000697118689227394,-15.056542723583908,1.8089933583501958,-13.248246483922939,-4,-1,-1,-6,0.0,-0.15625,0.021739130434782608,-7,104
1I8L,A,C,1.5,0,79.0,11,96,92,199,6,56,17,79,5.996011023888496,55.914847997657446,16.801442160904433,78.71230118245037,2,70,14,86,0.5454545454545454,0.5833333333333334,0.18478260869565216,-7,118
1I8L,A,C,3.0,0,131.0,11,96,92,199,10,84,37,131,9.997580534657164,84.01599302906678,36.68807184867866,130.70164541240257,6,98,34,138,0.9090909090909091,0.875,0.40217391304347827,-7,139
3TFY,A,D,-3.0,0,-101.0,6,72,77,155,-5,-59,-37,-101,-4.998234552638667,-59.03532470145481,-36.99363950801174,-101.02719876210521,-7,-62,-38,-107,-0.8333333333333334,-0.8194444444444444,-0.4805194805194805,6,107
3TFY,A,D,-1.5,0,-64.0,6,72,77,155,-3,-51,-10,-64,-3.0028493865753836,-51.03877776570177,-10.086806691954004,-64.12843384423115,-5,-54,-11,-70,-0.5,-0.7083333333333334,-0.12987012987012986,6,91
3TFY,A,D,0.0,0,0.0,6,72,77,155,-2,-1,3,0,-2.0029807059998292,-1.0624838409067028,2.9852994680567084,-0.08016507884982316,-4,-4,2,-6,-0.3333333333333333,-0.013888888888888888,0.03896103896103896,6,90
3TFY,A,D,1.5,0,63.0,6,72,77,155,2,51,10,63,1.9972128133406621,50.91964960100101,10.092604159072675,63.00946657341436,0,48,9,57,0.3333333333333333,0.7083333333333334,0.12987012987012986,6,92
3TFY,A,D,3.0,0,92.0,6,72,77,155,4,61,27,92,3.9971969269021583,60.91883141930386,26.905587597296165,91.82161594350218,2,58,26,86,0.6666666666666666,0.8472222222222222,0.35064935064935066,6,92
1TO9,A,B,-3.0,0,-190.0,19,83,123,225,-18,-80,-92,-190,-18.992303151706462,-79.02611395924548,-91.96783449984422,-189.98625161079616,-17,-75,-87,-179,-0.9473684210526315,-0.963855421686747,-0.7479674796747967,-11,185
1TO9,A,B,-1.5,0,-105.0,19,83,123,225,-11,-66,-28,-105,-11.998868241377695,-65.03012852873164,-28.00780105172317,-105.0367978218325,-10,-61,-23,-94,-0.5789473684210527,-0.7951807228915663,-0.22764227642276422,-11,136
1TO9,A,B,0.0,0,-13.0,19,83,123,225,-1,-12,0,-13,-2.002993826908069,-10.941582744626375,0.3934909902826731,-12.551085581251773,0,-7,5,-2,-0.05263157894736842,-0.14457831325301204,0.0,-11,138
1TO9,A,B,1.5,0,98.0,19,83,123,225,7,68,23,98,5.99466324865444,68.90952414299637,22.860509556715517,97.76469694836632,8,73,28,109,0.3684210526315789,0.8192771084337349,0.18699186991869918,-11,147
1TO9,A,B,3.0,0,180.0,19,83,123,225,18,79,83,180,16.998845469682667,79.91350116687276,83.0218861823696,179.934232818925,19,84,88,191,0.9473684210526315,0.9518072289156626,0.6747967479674797,-11,181
1QBK,C,B,-3.0,0,-142.0,35,64,91,190,-33,-60,-49,-142,-32.98767809601208,-60.03227805099371,-48.98298966799638,-142.0029458150022,-40,-65,-46,-151,-0.9428571428571428,-0.9375,-0.5384615384615384,9,149
1QBK,C,B,-1.5,0,-88.0,35,64,91,190,-24,-44,-20,-88,-23.99021506161238,-44.039901686955545,-19.997330623654875,-88.02744737222278,-31,-49,-17,-97,-0.6857142857142857,-0.6875,-0.21978021978021978,9,132
1QBK,C,B,0.0,0,-2.0,35,64,91,190,0,2,-4,-2,-0.0024824330069376233,1.940549576340716,-4.000109631122305,-2.0620424877885273,-7,-3,-1,-11,0.0,0.03125,-0.04395604395604396,9,121
1QBK,C,B,1.5,0,82.0,35,64,91,190,25,44,13,82,24.996558292826137,43.93062606038151,12.994580501339758,81.9217648545474,18,39,16,73,0.7142857142857143,0.6875,0.14285714285714285,9,128
1QBK,C,B,3.0,0,127.0,35,64,91,190,32,59,36,127,31.99229445046247,58.921618605963204,35.9918726720604,126.90578572848607,25,54,39,118,0.9142857142857143,0.921875,0.3956043956043956,9,136
