pdb_id,designed_chain,partner_chain,beta,replicate,structure_source,ec_sum_product_simple,ec_mean_product_simple,ec_n_pairs,ec_n_attractive,ec_n_repulsive,ec_n_neutral,ec_contact_cutoff_a,ec_weight,ec_sum_product_ph7.4_emboss,ec_mean_product_ph7.4_emboss
3G3B,A,B,-3.0,0,native,-11.0,-0.5789473684210527,56,15,4,37,5.0,none,-10.997297810371066,-0.5788051479142666
3G3B,A,B,-1.5,0,native,-11.0,-0.6470588235294118,56,14,3,39,5.0,none,-10.997174530123612,-0.646892619419036
3G3B,A,B,0.0,0,native,-4.0,-0.6666666666666666,56,7,1,48,5.0,none,-4.002378090553327,-0.5002972613191659
3G3B,A,B,1.5,0,native,4.0,0.4,56,3,7,46,5.0,none,3.9996909936081027,0.39996909936081027
3G3B,A,B,3.0,0,native,11.0,0.6470588235294118,56,3,14,39,5.0,none,10.998409781698777,0.6469652812763986
3G3A,A,B,-3.0,0,native,-8.0,-0.4,62,14,6,42,5.0,none,-7.999440553954369,-0.39997202769771845
3G3A,A,B,-1.5,0,native,-8.0,-0.5,62,12,4,46,5.0,none,-7.998639686654008,-0.4999149804158755
3G3A,A,B,0.0,0,native,0.0,0.0,62,4,4,54,5.0,none,0.0001235392355476428,1.544240444345535e-05
3G3A,A,B,1.5,0,native,5.0,0.45454545454545453,62,3,8,51,5.0,none,5.000845114514154,0.45462228313765035
3G3A,A,B,3.0,0,native,6.0,0.3,62,7,13,42,5.0,none,6.001466638517559,0.30007333192587793
1PXV,A,C,-3.0,0,native,-11.0,-0.8461538461538461,89,12,1,76,5.0,none,-10.994239516827001,-0.8457107320636155
1PXV,A,C,-1.5,0,native,-7.0,-0.7777777777777778,89,8,1,80,5.0,none,-6.996500362222381,-0.7773889291358201
1PXV,A,C,0.0,0,native,-4.0,-0.6666666666666666,89,6,1,82,5.0,none,-3.999422317903991,-0.5713460454148559
1PXV,A,C,1.5,0,native,2.0,0.3333333333333333,89,3,4,82,5.0,none,1.9978131931085044,0.28540188472978634
1PXV,A,C,3.0,0,native,5.0,0.7142857142857143,89,1,7,81,5.0,none,5.110830015804833,0.6388537519756041
1Y4H,A,C,-3.0,0,native,-8.0,-0.5714285714285714,92,12,3,77,5.0,none,-8.108367433452456,-0.5405578288968304
1Y4H,A,C,-1.5,0,native,-5.0,-0.45454545454545453,92,9,3,80,5.0,none,-5.109914256032273,-0.4258261880026894
1Y4H,A,C,0.0,0,native,-1.0,-0.2,92,4,2,86,5.0,none,-1.0018934399644481,-0.1669822399940747
1Y4H,A,C,1.5,0,native,0.0,0.0,92,6,6,80,5.0,none,0.1108890150962516,0.009240751258020966
1Y4H,A,C,3.0,0,native,5.0,0.45454545454545453,92,3,9,80,5.0,none,5.111099986406481,0.42592499886720675
2D7D,B,A,-3.0,0,native,-1.0,-0.14285714285714285,27,4,3,20,5.0,none,-1.0011542605840975,-0.14302203722629964
2D7D,B,A,-1.5,0,native,-1.0,-0.14285714285714285,27,4,3,20,5.0,none,-1.000969453678886,-0.14299563623984085
2D7D,B,A,0.0,0,native,-1.0,-0.2,27,3,2,22,5.0,none,-0.9990801481200979,-0.1998160296240196
2D7D,B,A,1.5,0,native,0.0,0.0,27,3,3,21,5.0,none,0.001683657895136026,0.00028060964918933767
2D7D,B,A,3.0,0,native,1.0,0.14285714285714285,27,3,4,20,5.0,none,1.0001080742747765,0.1428725820392538
2NMV,B,A,-3.0,0,native,0.0,0.0,26,4,3,19,5.0,none,-0.0036544093485987306,-0.0005220584783712472
2NMV,B,A,-1.5,0,native,1.0,0.2,26,2,3,21,5.0,none,0.9978279885938631,0.19956559771877264
2NMV,B,A,0.0,0,native,2.0,0.3333333333333333,26,2,4,20,5.0,none,1.9987772563609179,0.33312954272681966
2NMV,B,A,1.5,0,native,0.0,0.0,26,3,3,20,5.0,none,0.0012938477379578206,0.00021564128965963678
2NMV,B,A,3.0,0,native,0.0,0.0,26,3,3,20,5.0,none,0.0009039655044924544,0.00015066091741540907
3NDB,B,A,-3.0,0,native,0.0,0.0,2,1,0,1,5.0,none,-0.11175975721456763,-0.11175975721456763
3NDB,B,A,-1.5,0,native,0.0,0.0,2,1,0,1,5.0,none,-0.11175975721456763,-0.11175975721456763
3NDB,B,A,0.0,0,native,0.0,0.0,2,0,1,1,5.0,none,0.11181488160094169,0.11181488160094169
3NDB,B,A,1.5,0,native,0.0,0.0,2,0,1,1,5.0,none,0.1117712728329402,0.1117712728329402
3NDB,B,A,3.0,0,native,0.0,0.0,2,0,1,1,5.0,none,0.1117712728329402,0.1117712728329402
2Z5H,C,D,-3.0,0,native,0.0,0.0,73,5,10,58,5.0,none,4.003715540201609,0.266914369346774
2Z5H,C,D,-1.5,0,native,1.0,0.14285714285714285,73,3,8,62,5.0,none,5.000929498807837,0.4546299544370761
2Z5H,C,D,0.0,0,native,-3.0,-0.6,73,4,4,65,5.0,none,-0.9960021503955296,-0.1245002687994412
2Z5H,C,D,1.5,0,native,-1.0,-0.14285714285714285,73,5,5,63,5.0,none,-1.0016110128863807,-0.10016110128863806
2Z5H,C,D,3.0,0,native,1.0,0.1111111111111111,73,8,7,58,5.0,none,0.9916058446002993,0.06610705630668662
2Z5I,C,D,-3.0,0,native,1.0,0.1111111111111111,73,4,10,59,5.0,none,4.000384161228439,0.28574172580203133
2Z5I,C,D,-1.5,0,native,1.0,0.14285714285714285,73,3,8,62,5.0,none,3.9984968054028642,0.36349970958207856
2Z5I,C,D,0.0,0,native,0.0,0.0,73,4,4,65,5.0,none,-0.996960318642322,-0.12462003983029026
2Z5I,C,D,1.5,0,native,0.0,0.0,73,5,3,65,5.0,none,-1.0011252673576265,-0.12514065841970332
2Z5I,C,D,3.0,0,native,-1.0,-0.14285714285714285,73,9,3,61,5.0,none,-4.000899303424806,-0.33340827528540046
2ZXE,B,A,-3.0,0,native,15.0,0.7142857142857143,134,3,25,106,5.0,none,14.999180148901047,0.5356850053178945
2ZXE,B,A,-1.5,0,native,4.0,0.25,134,6,15,113,5.0,none,4.002259795499586,0.19058379978569456
2ZXE,B,A,0.0,0,native,-3.0,-0.2727272727272727,134,7,10,117,5.0,none,-2.9921004725437843,-0.17600591014963438
2ZXE,B,A,1.5,0,native,-11.0,-0.8461538461538461,134,12,5,117,5.0,none,-10.767936018948696,-0.6334080011146291
2ZXE,B,A,3.0,0,native,-15.0,-0.7142857142857143,134,26,3,105,5.0,none,-15.004027267435536,-0.5173802506012254
3A3Y,B,A,-3.0,0,native,15.0,0.7142857142857143,123,3,25,95,5.0,none,15.001166441176306,0.5357559443277252
3A3Y,B,A,-1.5,0,native,8.0,0.5714285714285714,123,3,16,104,5.0,none,7.998582184903798,0.42097800973177885
3A3Y,B,A,0.0,0,native,-2.0,-0.3333333333333333,123,4,5,114,5.0,none,-1.9949977990180487,-0.22166642211311652
3A3Y,B,A,1.5,0,native,-9.0,-0.6923076923076923,123,12,4,107,5.0,none,-8.993632153633724,-0.5621020096021078
3A3Y,B,A,3.0,0,native,-12.0,-0.75,123,19,2,102,5.0,none,-12.000873639711875,-0.5714701733196131
3GDV,A,B,-3.0,0,native,4.0,0.18181818181818182,94,12,17,65,5.0,none,3.665328947832802,0.1263906533735449
3GDV,A,B,-1.5,0,native,2.0,0.2,94,6,11,77,5.0,none,1.7931138555190151,0.1054772856187656
3GDV,A,B,0.0,0,native,0.0,0.0,94,3,5,86,5.0,none,-0.10658929041292241,-0.013323661301615301
3GDV,A,B,1.5,0,native,1.0,0.1111111111111111,94,5,9,80,5.0,none,1.1159419453966848,0.07971013895690605
3GDV,A,B,3.0,0,native,-1.0,-0.058823529411764705,94,10,13,71,5.0,none,-0.7677992736374526,-0.03338257711467185
3GDU,A,B,-3.0,0,native,1.0,0.058823529411764705,98,9,12,77,5.0,none,0.8885949400999225,0.04231404476666297
3GDU,A,B,-1.5,0,native,-1.0,-0.14285714285714285,98,7,6,85,5.0,none,-1.1105905955505233,-0.08543004581157872
3GDU,A,B,0.0,0,native,-1.0,-0.2,98,6,5,87,5.0,none,-1.1097080393997842,-0.10088254903634403
3GDU,A,B,1.5,0,native,4.0,0.5,98,3,11,84,5.0,none,4.114360996714365,0.29388292833674035
3GDU,A,B,3.0,0,native,2.0,0.1,98,10,14,74,5.0,none,2.1144350159469054,0.08810145899778772
1FS2,A,B,-3.0,0,native,-7.0,-0.6363636363636364,80,9,5,66,5.0,none,-6.774384978148507,-0.4838846412963219
1FS2,A,B,-1.5,0,native,-10.0,-1.0,80,10,2,68,5.0,none,-9.84524558222116,-0.8204371318517634
1FS2,A,B,0.0,0,native,-2.0,-1.0,80,4,3,73,5.0,none,-1.7450011925300262,-0.2492858846471466
1FS2,A,B,1.5,0,native,5.0,0.5555555555555556,80,4,7,69,5.0,none,4.850690587235191,0.4409718715668356
1FS2,A,B,3.0,0,native,7.0,0.6363636363636364,80,5,9,66,5.0,none,6.775930687265202,0.48399504909037155
2AST,B,A,-3.0,0,native,-3.0,-0.2727272727272727,91,7,11,73,5.0,none,1.515110548057093,0.08417280822539405
2AST,B,A,-1.5,0,native,-1.0,-0.14285714285714285,91,6,7,78,5.0,none,0.25056579965680115,0.019274292281292398
2AST,B,A,0.0,0,native,-1.0,-0.2,91,4,2,85,5.0,none,-2.071692188040617,-0.3452820313401028
2AST,B,A,1.5,0,native,-2.0,-0.3333333333333333,91,6,2,83,5.0,none,-4.144370041688792,-0.518046255211099
2AST,B,A,3.0,0,native,3.0,0.2727272727272727,91,9,7,75,5.0,none,0.6309764784687371,0.039436029904296066
3AAA,A,B,-3.0,0,native,-19.0,-0.3877551020408163,256,37,29,190,5.0,none,-17.68764354822471,-0.26799459921552593
3AAA,A,B,-1.5,0,native,-17.0,-0.5483870967741935,256,28,17,211,5.0,none,-15.841327078813762,-0.3520294906403058
3AAA,A,B,0.0,0,native,0.0,0.0,256,16,11,229,5.0,none,0.989051906629768,0.036631552097398816
3AAA,A,B,1.5,0,native,9.0,0.3333333333333333,256,19,20,217,5.0,none,9.838365884585054,0.25226579191243725
3AAA,A,B,3.0,0,native,20.0,0.47619047619047616,256,25,32,199,5.0,none,20.757999777649292,0.3641754346956016
1IZN,A,B,-3.0,0,native,-12.0,-0.2608695652173913,278,31,31,216,5.0,none,-11.75943003653114,-0.18966822639566355
1IZN,A,B,-1.5,0,native,-8.0,-0.4444444444444444,278,16,12,250,5.0,none,-7.62529060259373,-0.2723318072354904
1IZN,A,B,0.0,0,native,-3.0,-0.2727272727272727,278,11,10,257,5.0,none,-2.7020810958082864,-0.12867052837182316
1IZN,A,B,1.5,0,native,6.0,0.2727272727272727,278,15,17,246,5.0,none,6.068984044255877,0.18965575138299615
1IZN,A,B,3.0,0,native,9.0,0.2,278,29,29,220,5.0,none,9.061204548394308,0.15622766462748808
3MTU,A,B,-3.0,0,native,-10.0,-0.4166666666666667,101,17,12,72,5.0,none,-8.983836465167315,-0.3097874643161143
3MTU,A,B,-1.5,0,native,-3.0,-0.2,101,11,9,81,5.0,none,-1.997411341092597,-0.09987056705462985
3MTU,A,B,0.0,0,native,4.0,0.3333333333333333,101,7,8,86,5.0,none,4.990144015983511,0.3326762677322341
3MTU,A,B,1.5,0,native,2.0,0.14285714285714285,101,10,8,83,5.0,none,0.9926245461692648,0.05514580812051471
3MTU,A,B,3.0,0,native,4.0,0.2857142857142857,101,10,9,82,5.0,none,2.990294468083821,0.1573839193728327
3GJO,A,B,-3.0,0,native,-6.0,-0.42857142857142855,102,11,9,82,5.0,none,-5.99080979534752,-0.299540489767376
3GJO,A,B,-1.5,0,native,-4.0,-0.5,102,8,5,89,5.0,none,-3.9993942740845947,-0.3076457133911227
3GJO,A,B,0.0,0,native,-2.0,-0.3333333333333333,102,7,4,91,5.0,none,-1.8927661928248303,-0.1720696538931664
3GJO,A,B,1.5,0,native,2.0,0.3333333333333333,102,5,6,91,5.0,none,1.994636036255199,0.18133054875047264
3GJO,A,B,3.0,0,native,5.0,0.38461538461538464,102,8,11,83,5.0,none,4.992619470685422,0.2627694458255485
1XQH,A,B,-3.0,0,native,-9.0,-1.0,34,16,2,16,5.0,none,-12.756125315882459,-0.7086736286601366
1XQH,A,B,-1.5,0,native,-6.0,-1.0,34,13,2,19,5.0,none,-9.758636637758132,-0.6505757758505422
1XQH,A,B,0.0,0,native,0.0,0.0,34,8,3,23,5.0,none,-2.8837839772639313,-0.2621621797512665
1XQH,A,B,1.5,0,native,4.0,1.0,34,4,6,24,5.0,none,2.996280850117291,0.2996280850117291
1XQH,A,B,3.0,0,native,10.0,1.0,34,3,15,16,5.0,none,11.699648256046737,0.6499804586692632
1O9S,A,K,-3.0,0,native,-8.0,-1.0,40,15,0,25,5.0,none,-12.70227086353253,-0.8468180575688353
1O9S,A,K,-1.5,0,native,-7.0,-1.0,40,13,0,27,5.0,none,-10.76188459372865,-0.8278372764406654
1O9S,A,K,0.0,0,native,0.0,0.0,40,3,0,37,5.0,none,-0.94421606921647,-0.31473868973882335
1O9S,A,K,1.5,0,native,6.0,1.0,40,2,11,27,5.0,none,10.698468376941282,0.8229591059185601
1O9S,A,K,3.0,0,native,5.0,1.0,40,2,9,29,5.0,none,8.758232528524,0.7962029571385454
3O1I,C,A,-3.0,0,native,4.0,0.4,55,4,10,41,5.0,none,3.8894657883506576,0.2778189848821898
3O1I,C,A,-1.5,0,native,1.0,0.2,55,3,5,47,5.0,none,0.9985910967282479,0.12482388709103098
3O1I,C,A,0.0,0,native,-5.0,-1.0,55,6,1,48,5.0,none,-4.9994218860289985,-0.7142031265755712
3O1I,C,A,1.5,0,native,-5.0,-1.0,55,6,1,48,5.0,none,-4.9994218860289985,-0.7142031265755712
3O1I,C,A,3.0,0,native,-6.0,-0.75,55,10,2,43,5.0,none,-5.890430257436986,-0.49086918811974883
3O1J,C,B,-3.0,0,native,4.0,0.5,52,3,8,41,5.0,none,3.8857965213981482,0.35325422921801347
3O1J,C,B,-1.5,0,native,3.0,0.3333333333333333,52,4,8,40,5.0,none,2.888086308797934,0.2406738590664945
3O1J,C,B,0.0,0,native,-3.0,-1.0,52,4,1,47,5.0,none,-3.000624443756249,-0.6001248887512498
3O1J,C,B,1.5,0,native,-2.0,-0.5,52,5,1,46,5.0,none,-2.0026355687177015,-0.33377259478628357
3O1J,C,B,3.0,0,native,-1.0,-0.1111111111111111,52,7,4,41,5.0,none,-1.0020350908323112,-0.09109409916657375
1BWU,D,A,-3.0,0,native,3.0,0.2,111,7,23,81,5.0,none,9.007676287201878,0.3002558762400626
1BWU,D,A,-1.5,0,native,4.0,0.3333333333333333,111,5,17,89,5.0,none,6.006752312547347,0.2730341960248794
1BWU,D,A,0.0,0,native,-3.0,-0.42857142857142855,111,7,11,93,5.0,none,-0.9953891597360152,-0.055299397763111956
1BWU,D,A,1.5,0,native,-1.0,-0.14285714285714285,111,6,11,94,5.0,none,-0.0007343169118458892,-4.319511246152289e-05
1BWU,D,A,3.0,0,native,-1.0,-0.058823529411764705,111,17,14,80,5.0,none,-1.0100294168327355,-0.03258159409137856
1KJ1,A,D,-3.0,0,native,3.0,0.3333333333333333,120,0,21,99,5.0,none,8.015154945404804,0.3816740450192764
1KJ1,A,D,-1.5,0,native,1.0,0.2,120,0,18,102,5.0,none,5.010840869431286,0.2783800483017381
1KJ1,A,D,0.0,0,native,-3.0,-0.6,120,5,10,105,5.0,none,0.007598724741568612,0.0005065816494379075
1KJ1,A,D,1.5,0,native,-2.0,-0.3333333333333333,120,8,9,103,5.0,none,-0.0009683417106911842,-5.696127709948143e-05
1KJ1,A,D,3.0,0,native,-4.0,-0.5,120,13,4,103,5.0,none,-4.00408967106181,-0.23553468653304765
1I7S,B,A,-3.0,0,native,5.0,0.2,102,14,17,71,5.0,none,4.768779771172275,0.1538316055216863
1I7S,B,A,-1.5,0,native,1.0,0.06666666666666667,102,10,8,84,5.0,none,0.6611931336939538,0.03673295187188633
1I7S,B,A,0.0,0,native,1.0,0.14285714285714285,102,6,8,88,5.0,none,0.8902937956335868,0.06359241397382763
1I7S,B,A,1.5,0,native,-1.0,-0.06666666666666667,102,10,11,81,5.0,none,-0.7738123329202542,-0.036848206329535914
1I7S,B,A,3.0,0,native,-2.0,-0.09090909090909091,102,14,16,72,5.0,none,-1.766839842552503,-0.05889466141841677
1I7Q,B,A,-3.0,0,native,9.0,0.3333333333333333,108,10,20,78,5.0,none,8.881706277092611,0.29605687590308705
1I7Q,B,A,-1.5,0,native,4.0,0.2857142857142857,108,7,12,89,5.0,none,3.8870428251920552,0.20458120132589763
1I7Q,B,A,0.0,0,native,3.0,0.3333333333333333,108,5,9,94,5.0,none,2.888475882305025,0.20631970587893037
1I7Q,B,A,1.5,0,native,0.0,0.0,108,9,10,89,5.0,none,-0.10845697578479041,-0.005708261883410021
1I7Q,B,A,3.0,0,native,-3.0,-0.17647058823529413,108,11,11,86,5.0,none,-2.8801314855741227,-0.1309150675260965
1X27,B,D,-3.0,0,native,3.0,0.17647058823529413,60,11,10,39,5.0,none,2.5477785920454314,0.1213227900974015
1X27,B,D,-1.5,0,native,-6.0,-0.6,60,8,3,49,5.0,none,-5.88646686649295,-0.535133351499359
1X27,B,D,0.0,0,native,-6.0,-1.0,60,7,1,52,5.0,none,-5.997446043863139,-0.7496807554828924
1X27,B,D,1.5,0,native,-4.0,-0.5,60,6,4,50,5.0,none,-3.7742931802256017,-0.3774293180225602
1X27,B,D,3.0,0,native,-4.0,-0.2857142857142857,60,9,9,42,5.0,none,-3.549164181493843,-0.19717578786076906
3UA7,A,B,-3.0,0,native,3.0,1.0,38,0,7,31,5.0,none,5.9986701989653755,0.8569528855664822
3UA7,A,B,-1.5,0,native,1.0,1.0,38,0,4,34,5.0,none,3.000224641108617,0.7500561602771543
3UA7,A,B,0.0,0,native,0.0,0.0,38,0,1,37,5.0,none,0.999525458092948,0.999525458092948
3UA7,A,B,1.5,0,native,0.0,0.0,38,1,1,36,5.0,none,-0.9978429341662333,-0.49892146708311663
3UA7,A,B,3.0,0,native,-2.0,-1.0,38,4,0,34,5.0,none,-3.001176730176965,-0.7502941825442413
1SG1,X,A,-3.0,0,native,-9.0,-0.6923076923076923,34,12,2,20,5.0,none,-9.069172594820232,-0.6477980424871594
1SG1,X,A,-1.5,0,native,-6.0,-0.6,34,10,2,22,5.0,none,-6.071951281907128,-0.5059959401589273
1SG1,X,A,0.0,0,native,1.0,1.0,34,2,1,31,5.0,none,0.9236260159256307,0.3078753386418769
1SG1,X,A,1.5,0,native,3.0,0.3333333333333333,34,5,6,23,5.0,none,2.9237385443243284,0.2657944131203935
1SG1,X,A,3.0,0,native,7.0,0.6363636363636364,34,4,9,21,5.0,none,6.922586779927363,0.5325066753790278
3BUK,C,B,-3.0,0,native,-10.0,-0.8333333333333334,41,15,9,17,5.0,none,-11.367350877005569,-0.473639619875232
3BUK,C,B,-1.5,0,native,-3.0,-0.6,41,6,3,32,5.0,none,-4.159941563215706,-0.46221572924618953
3BUK,C,B,0.0,0,native,-1.0,-0.3333333333333333,41,2,4,35,5.0,none,-0.9948503816959038,-0.1658083969493173
3BUK,C,B,1.5,0,native,3.0,0.42857142857142855,41,3,10,28,5.0,none,4.275544166880853,0.3288880128369887
3BUK,C,B,3.0,0,native,9.0,0.8181818181818182,41,7,15,19,5.0,none,10.373017623091918,0.47150080104963266
1BOU,B,A,-3.0,0,native,-13.0,-0.6842105263157895,163,17,19,127,5.0,none,-11.963611975695933,-0.3323225548804426
1BOU,B,A,-1.5,0,native,-6.0,-0.5,163,11,13,139,5.0,none,-4.977633816849316,-0.20740140903538817
1BOU,B,A,0.0,0,native,2.0,0.2,163,9,11,143,5.0,none,1.1187724943896284,0.055938624719481425
1BOU,B,A,1.5,0,native,3.0,0.2727272727272727,163,12,11,140,5.0,none,2.112376710654712,0.09184246568063967
1BOU,B,A,3.0,0,native,11.0,0.6470588235294118,163,16,14,133,5.0,none,9.971890017411154,0.3323963339137051
1B4U,B,A,-3.0,0,native,-13.0,-0.6190476190476191,157,17,19,121,5.0,none,-12.965211801971142,-0.36014477227697617
1B4U,B,A,-1.5,0,native,-6.0,-0.75,157,7,11,139,5.0,none,-5.977919878434441,-0.33210665991302446
1B4U,B,A,0.0,0,native,-2.0,-0.25,157,8,7,142,5.0,none,-1.8804088549567415,-0.12536059033044944
1B4U,B,A,1.5,0,native,5.0,0.5555555555555556,157,6,10,141,5.0,none,5.111266505435373,0.3194541565897108
1B4U,B,A,3.0,0,native,10.0,0.625,157,15,14,128,5.0,none,9.976706142819666,0.34402434975240226
1GO4,A,G,-3.0,0,native,-11.0,-0.7333333333333333,103,20,5,78,5.0,none,-11.770196494978967,-0.4708078597991587
1GO4,A,G,-1.5,0,native,-10.0,-0.8333333333333334,103,16,3,84,5.0,none,-10.548457906735873,-0.5551819950913618
1GO4,A,G,0.0,0,native,-5.0,-0.38461538461538464,103,12,7,84,5.0,none,-5.215360356755854,-0.27449265035557124
1GO4,A,G,1.5,0,native,9.0,0.6923076923076923,103,5,15,83,5.0,none,9.214384982055229,0.46071924910276146
1GO4,A,G,3.0,0,native,12.0,0.75,103,5,19,79,5.0,none,12.54738525126592,0.5228077188027467
3R2D,B,K,-3.0,0,native,-9.0,-0.6923076923076923,57,14,2,41,5.0,none,-9.329182444738592,-0.583073902796162
3R2D,B,K,-1.5,0,native,-8.0,-1.0,57,13,1,43,5.0,none,-8.331456972070933,-0.5951040694336381
3R2D,B,K,0.0,0,native,-2.0,-0.3333333333333333,57,8,3,46,5.0,none,-2.2233237183524612,-0.20212033803204194
3R2D,B,K,1.5,0,native,0.0,0.0,57,5,4,48,5.0,none,-0.0012931973868759439,-0.00014368859854177154
3R2D,B,K,3.0,0,native,9.0,0.6923076923076923,57,2,13,42,5.0,none,9.218946389218551,0.6145964259479034
3R2C,A,J,-3.0,0,native,-11.0,-0.8461538461538461,61,18,2,41,5.0,none,-11.550802189891533,-0.5775401094945767
3R2C,A,J,-1.5,0,native,-6.0,-1.0,61,12,1,48,5.0,none,-6.333086722437874,-0.48716051711060565
3R2C,A,J,0.0,0,native,-2.0,-0.5,61,8,4,49,5.0,none,-2.000692318434358,-0.16672435986952983
3R2C,A,J,1.5,0,native,6.0,1.0,61,5,9,47,5.0,none,5.994582100516903,0.42818443575120735
3R2C,A,J,3.0,0,native,6.0,0.75,61,4,10,47,5.0,none,6.218421029571957,0.44417293068371116
1P27,A,C,-3.0,0,native,-7.0,-0.21212121212121213,50,24,16,10,5.0,none,-7.442393353489443,-0.18605983383723607
1P27,A,C,-1.5,0,native,-7.0,-0.21212121212121213,50,24,16,10,5.0,none,-7.442578452755271,-0.18606446131888177
1P27,A,C,0.0,0,native,0.0,0.0,50,19,16,15,5.0,none,-0.005149853229672763,-0.0001471386637049361
1P27,A,C,1.5,0,native,6.0,0.2,50,15,20,15,5.0,none,6.222078454180422,0.17777367011944062
1P27,A,C,3.0,0,native,7.0,0.22580645161290322,50,15,23,12,5.0,none,7.334611620705473,0.19301609528172295
1HL6,D,C,-3.0,0,native,-16.0,-0.38095238095238093,132,34,20,78,5.0,none,-17.279336623061035,-0.31998771524187103
1HL6,D,C,-1.5,0,native,-4.0,-0.15384615384615385,132,26,14,92,5.0,none,-6.231573368997214,-0.15578933422493035
1HL6,D,C,0.0,0,native,-2.0,-0.1,132,19,11,102,5.0,none,-3.0707285783217744,-0.10235761927739248
1HL6,D,C,1.5,0,native,5.0,0.23809523809523808,132,16,15,101,5.0,none,4.134390299368578,0.1333674290118896
1HL6,D,C,3.0,0,native,15.0,0.40540540540540543,132,17,28,87,5.0,none,16.132746321432958,0.3585054738096213
2VJF,A,B,-3.0,0,native,-10.0,-0.8333333333333334,101,14,8,79,5.0,none,-2.5449389270884635,-0.1156790421403847
2VJF,A,B,-1.5,0,native,-6.0,-1.0,101,12,6,83,5.0,none,-2.5804173654850677,-0.14335652030472598
2VJF,A,B,0.0,0,native,0.0,0.0,101,9,6,86,5.0,none,0.5279890208471197,0.03519926805647465
2VJF,A,B,1.5,0,native,9.0,1.0,101,8,11,82,5.0,none,8.560355261986448,0.45054501378876044
2VJF,A,B,3.0,0,native,9.0,0.6,101,14,13,74,5.0,none,6.454715081084635,0.23906352152165317
2VJE,D,C,-3.0,0,native,-4.0,-0.6666666666666666,81,9,9,63,5.0,none,-3.065190763062885,-0.17028837572571584
2VJE,D,C,-1.5,0,native,-1.0,-0.3333333333333333,81,7,4,70,5.0,none,-2.275556709751327,-0.20686879179557519
2VJE,D,C,0.0,0,native,2.0,1.0,81,7,3,71,5.0,none,-1.0572977116301348,-0.10572977116301348
2VJE,D,C,1.5,0,native,2.0,1.0,81,8,3,70,5.0,none,-2.056741361742099,-0.18697648743109993
2VJE,D,C,3.0,0,native,2.0,0.5,81,10,6,65,5.0,none,-3.0052048163583844,-0.18782530102239903
3BH6,B,A,-3.0,0,native,-11.0,-0.3793103448275862,77,24,9,44,5.0,none,-12.441197520315363,-0.3770059854641019
3BH6,B,A,-1.5,0,native,-7.0,-0.28,77,16,9,52,5.0,none,-7.995802780748859,-0.31983211122995436
3BH6,B,A,0.0,0,native,2.0,0.125,77,9,10,58,5.0,none,1.000482714334367,0.05265698496496669
3BH6,B,A,1.5,0,native,9.0,0.36,77,8,18,51,5.0,none,8.11083421483409,0.3119551621090035
3BH6,B,A,3.0,0,native,10.0,0.35714285714285715,77,10,21,46,5.0,none,9.330649569163624,0.30098869577947174
3BH7,B,A,-3.0,0,native,-11.0,-0.4074074074074074,79,24,8,47,5.0,none,-12.664426510939453,-0.3957633284668579
3BH7,B,A,-1.5,0,native,-9.0,-0.47368421052631576,79,21,7,51,5.0,none,-10.441800607350107,-0.37292145026250384
3BH7,B,A,0.0,0,native,-2.0,-0.2,79,10,6,63,5.0,none,-3.110682611092495,-0.19441766319328094
3BH7,B,A,1.5,0,native,7.0,0.3333333333333333,79,10,16,53,5.0,none,5.997363368676705,0.23066782187218096
3BH7,B,A,3.0,0,native,10.0,0.38461538461538464,79,8,21,50,5.0,none,9.221272841163046,0.3179749255573464
2Y8S,D,E,-3.0,0,native,12.0,0.75,133,5,23,105,5.0,none,12.217286433608422,0.4363316583431579
2Y8S,D,E,-1.5,0,native,6.0,0.6,133,8,12,113,5.0,none,4.83251881515845,0.2416259407579225
2Y8S,D,E,0.0,0,native,-4.0,-0.5,133,11,4,118,5.0,none,-5.267296897225317,-0.3511531264816878
2Y8S,D,E,1.5,0,native,-8.0,-0.6666666666666666,133,19,7,107,5.0,none,-9.194863868314664,-0.3536486103197948
2Y8S,D,E,3.0,0,native,-11.0,-0.7333333333333333,133,22,7,104,5.0,none,-12.10476778818149,-0.4174057857993617
2Y8T,D,E,-3.0,0,native,17.0,0.8947368421052632,149,5,26,118,5.0,none,17.9402670945286,0.5787182933718903
2Y8T,D,E,-1.5,0,native,6.0,0.5,149,7,14,128,5.0,none,2.9699283596724837,0.141425159984404
2Y8T,D,E,0.0,0,native,-1.0,-0.1111111111111111,149,7,9,133,5.0,none,-1.009035633695632,-0.063064727105977
2Y8T,D,E,1.5,0,native,-10.0,-0.8333333333333334,149,15,5,129,5.0,none,-10.902432669130077,-0.5451216334565039
2Y8T,D,E,3.0,0,native,-16.0,-0.8888888888888888,149,25,5,119,5.0,none,-17.942751529806838,-0.598091717660228
2OJE,D,A,-3.0,0,native,-7.0,-0.6363636363636364,45,9,3,33,5.0,none,-6.992478636546219,-0.5827065530455182
2OJE,D,A,-1.5,0,native,-7.0,-0.7777777777777778,45,8,2,35,5.0,none,-6.992560416505822,-0.6992560416505822
2OJE,D,A,0.0,0,native,-1.0,-0.3333333333333333,45,2,2,41,5.0,none,-0.8874118299849936,-0.2218529574962484
2OJE,D,A,1.5,0,native,2.0,0.3333333333333333,45,2,4,39,5.0,none,1.9984296798058467,0.33307161330097446
2OJE,D,A,3.0,0,native,7.0,0.6363636363636364,45,3,9,33,5.0,none,6.992850337761956,0.5827375281468297
1R5I,D,A,-3.0,0,native,-8.0,-0.8,48,9,2,37,5.0,none,-7.991477000020443,-0.7264979090927676
1R5I,D,A,-1.5,0,native,-5.0,-0.7142857142857143,48,6,2,40,5.0,none,-4.993803587067189,-0.6242254483833987
1R5I,D,A,0.0,0,native,2.0,0.3333333333333333,48,2,5,41,5.0,none,2.0006254549686346,0.2858036364240907
1R5I,D,A,1.5,0,native,5.0,0.7142857142857143,48,2,6,40,5.0,none,4.994338869569976,0.624292358696247
1R5I,D,A,3.0,0,native,8.0,0.8,48,2,9,37,5.0,none,7.9939001271941965,0.7267181933812906
2H9A,A,B,-3.0,0,native,11.0,0.28205128205128205,140,24,37,79,5.0,none,8.403657501060488,0.13776487706656537
2H9A,A,B,-1.5,0,native,-3.0,-0.13043478260869565,140,19,14,107,5.0,none,-5.100937676474223,-0.1545738689840674
2H9A,A,B,0.0,0,native,-4.0,-0.2222222222222222,140,19,9,112,5.0,none,-6.055553004595867,-0.21626975016413813
2H9A,A,B,1.5,0,native,-2.0,-0.09090909090909091,140,19,14,107,5.0,none,-2.0640192059951117,-0.06254603654530641
2H9A,A,B,3.0,0,native,-8.0,-0.2857142857142857,140,29,17,94,5.0,none,-5.742567238170597,-0.12483841822109994
1XVP,B,A,-3.0,0,native,-8.0,-0.26666666666666666,68,19,14,35,5.0,none,-7.993593910714111,-0.2422301185064882
1XVP,B,A,-1.5,0,native,-6.0,-0.2,68,18,15,35,5.0,none,-5.992803976788981,-0.18160012050875698
1XVP,B,A,0.0,0,native,-3.0,-0.15789473684210525,68,11,10,47,5.0,none,-2.9946776180047627,-0.1426036960954649
1XVP,B,A,1.5,0,native,0.0,0.0,68,13,15,40,5.0,none,0.004255083859148412,0.00015196728068387185
1XVP,B,A,3.0,0,native,8.0,0.26666666666666666,68,14,19,35,5.0,none,7.996428317197102,0.2423160096120334
1XV9,B,A,-3.0,0,native,-8.0,-0.2222222222222222,74,22,18,34,5.0,none,-6.994376792229569,-0.1748594198057392
1XV9,B,A,-1.5,0,native,-9.0,-0.2727272727272727,74,21,16,37,5.0,none,-7.992328216576639,-0.21600887071828753
1XV9,B,A,0.0,0,native,0.0,0.0,74,19,14,41,5.0,none,-1.223757950083865,-0.037083574244965604
1XV9,B,A,1.5,0,native,7.0,0.21212121212121213,74,17,20,37,5.0,none,5.996035521351053,0.162055014090569
1XV9,B,A,3.0,0,native,10.0,0.2777777777777778,74,17,23,34,5.0,none,8.995208182485289,0.22488020456213223
3PNL,A,B,-3.0,0,native,-18.0,-0.5625,86,25,16,45,5.0,none,-17.975781036619,-0.4384336838199756
3PNL,A,B,-1.5,0,native,-5.0,-0.3333333333333333,86,13,9,64,5.0,none,-5.106900015825046,-0.23213181890113843
3PNL,A,B,0.0,0,native,1.0,0.2,86,8,8,70,5.0,none,0.8884989343624383,0.055531183397652395
3PNL,A,B,1.5,0,native,4.0,0.2857142857142857,86,8,10,68,5.0,none,3.9970838137149,0.22206021187305
3PNL,A,B,3.0,0,native,16.0,0.5333333333333333,86,15,23,48,5.0,none,15.984207580654152,0.4206370415961619
2R9Q,B,D,-3.0,0,native,7.0,0.3684210526315789,88,10,14,64,5.0,none,6.546276108271776,0.272761504511324
2R9Q,B,D,-1.5,0,native,7.0,0.3684210526315789,88,9,14,65,5.0,none,6.658035956595572,0.28947982419980745
2R9Q,B,D,0.0,0,native,-5.0,-0.45454545454545453,88,11,5,72,5.0,none,-5.219422664748348,-0.32621391654677173
2R9Q,B,D,1.5,0,native,-5.0,-0.38461538461538464,88,10,8,70,5.0,none,-4.550010602770181,-0.2527783668205656
2R9Q,B,D,3.0,0,native,-7.0,-0.3333333333333333,88,15,11,62,5.0,none,-6.5455650263253915,-0.25175250101251506
1I8L,A,C,-3.0,0,native,-1.0,-0.1111111111111111,44,5,16,23,5.0,none,-0.9770027587032516,-0.04652394089063103
1I8L,A,C,-1.5,0,native,-2.0,-0.3333333333333333,44,5,10,29,5.0,none,-1.9878173594957418,-0.1325211572997161
1I8L,A,C,0.0,0,native,-1.0,-0.3333333333333333,44,5,7,32,5.0,none,-0.9930294696282538,-0.08275245580235448
1I8L,A,C,1.5,0,native,0.0,0.0,44,8,3,33,5.0,none,-0.009543970072430685,-0.0008676336429482442
1I8L,A,C,3.0,0,native,0.0,0.0,44,12,4,28,5.0,none,-0.01452854069445939,-0.0009080337934037119
3TFY,A,D,-3.0,0,native,0.0,0.0,29,8,2,19,5.0,none,-3.646294861670115,-0.3646294861670115
3TFY,A,D,-1.5,0,native,0.0,0.0,29,8,2,19,5.0,none,-2.7670350720924457,-0.2767035072092446
3TFY,A,D,0.0,0,native,0.0,0.0,29,4,3,22,5.0,none,1.9341139622923376,0.2763019946131911
3TFY,A,D,1.5,0,native,0.0,0.0,29,3,2,24,5.0,none,-0.06092415826399189,-0.012184831652798378
3TFY,A,D,3.0,0,native,0.0,0.0,29,4,8,17,5.0,none,5.581052248148758,0.46508768734572986
1TO9,A,B,-3.0,0,native,-2.0,-0.16666666666666666,70,11,23,36,5.0,none,-0.415637754762161,-0.012224639845945913
1TO9,A,B,-1.5,0,native,-1.0,-0.14285714285714285,70,10,12,48,5.0,none,-1.39415160216811,-0.06337052737127773
1TO9,A,B,0.0,0,native,-3.0,-0.6,70,8,5,57,5.0,none,-3.177801418939063,-0.24444626299531255
1TO9,A,B,1.5,0,native,0.0,0.0,70,10,8,52,5.0,none,-1.0742610083322013,-0.05968116712956674
1TO9,A,B,3.0,0,native,2.0,0.2,70,23,9,38,5.0,none,0.30546754905437756,0.009545860907949299
1QBK,C,B,-3.0,0,native,5.0,0.1111111111111111,127,22,28,77,5.0,none,4.954265695564852,0.09908531391129705
1QBK,C,B,-1.5,0,native,9.0,0.3103448275862069,127,14,23,90,5.0,none,8.952812697902838,0.24196791075413074
1QBK,C,B,0.0,0,native,-2.0,-0.16666666666666666,127,8,8,111,5.0,none,-1.9233405028651251,-0.12020878142907032
1QBK,C,B,1.5,0,native,-7.0,-0.22580645161290322,127,21,15,91,5.0,none,-6.953712999207089,-0.19315869442241915
1QBK,C,B,3.0,0,native,-4.0,-0.09090909090909091,127,26,23,78,5.0,none,-3.9498806949712093,-0.08060981010145325
