pdb_id,designed_chain,beta,native_all_bridges,native_all_per_opportunity,native_all_fraction_engaged,native_all_per_1000_a2,native_cross_chain_bridges,native_cross_chain_per_opportunity,native_cross_chain_fraction_engaged,native_cross_chain_per_1000_a2,native_n_charged,native_n_opportunities,design_all_bridges,design_all_per_opportunity,design_all_fraction_engaged,design_all_per_1000_a2,design_cross_chain_bridges,design_cross_chain_per_opportunity,design_cross_chain_fraction_engaged,design_cross_chain_per_1000_a2,design_n_charged,design_n_opportunities
3G3B,A,3.0,6,0.00909090909090909,0.19230769230769232,7.925345173387886,0,0.0,0.0,0.0,27,182,3,0.0027548209366391185,0.046153846153846156,3.962672586693943,1,0.0009182736455463728,0.015384615384615385,1.3208908622313145,105,0
3G3A,A,3.0,7,0.010869565217391304,0.23529411764705882,8.48564455757897,0,0.0,0.0,0.0,26,168,5,0.00496031746031746,0.0743801652892562,6.061174683984979,2,0.001984126984126984,0.024793388429752067,2.4244698735939916,96,0
1PXV,A,3.0,13,0.019548872180451128,0.4444444444444444,11.667581909664912,0,0.0,0.0,0.0,34,253,5,0.004006410256410256,0.07758620689655173,4.487531503717274,0,0.0,0.0,0.0,96,0
1Y4H,A,3.0,12,0.019138755980861243,0.4423076923076923,10.895672057774958,0,0.0,0.0,0.0,32,231,6,0.0048543689320388345,0.08695652173913043,5.447836028887479,1,0.0008090614886731392,0.017391304347826087,0.9079726714812464,95,0
2D7D,B,3.0,107,0.009232096635030199,0.695852534562212,238.50388333744064,0,0.0,0.0,0.0,18,80,98,0.007231404958677686,0.592274678111588,218.44280903802976,0,0.0,0.0,0.0,34,0
2NMV,B,3.0,107,0.009232096635030199,0.7004608294930875,242.75711202317189,0,0.0,0.0,0.0,18,80,97,0.007098946135831382,0.5897435897435898,220.06953146025862,0,0.0,0.0,0.0,35,0
3NDB,B,3.0,63,0.008241758241758242,0.5340909090909091,653.5962608990866,0,0.0,0.0,0.0,140,4875,16,0.003957457333663122,0.06172839506172839,165.99270118072042,0,0.0,0.0,0.0,288,0
2Z5H,C,3.0,5,0.01488095238095238,0.2631578947368421,3.6695312828557602,0,0.0,0.0,0.0,19,84,2,0.003205128205128205,0.0625,1.467812513142304,0,0.0,0.0,0.0,45,0
2Z5I,C,3.0,4,0.011904761904761904,0.21052631578947367,3.109196950274257,0,0.0,0.0,0.0,19,84,2,0.0035460992907801418,0.06779661016949153,1.5545984751371285,0,0.0,0.0,0.0,40,0
2ZXE,B,3.0,70,0.0036951013513513513,0.4311594202898551,34.524127416363385,2,0.00010557432432432433,0.014492753623188406,0.9864036404675254,63,980,56,0.0016317016317016317,0.2315270935960591,27.61930193309071,5,0.0001456876456876457,0.019704433497536946,2.4660091011688134,193,0
3A3Y,B,3.0,72,0.003826530612244898,0.43636363636363634,37.697115755626825,2,0.00010629251700680272,0.014545454545454545,1.0471421043229674,62,945,56,0.0015765765765765765,0.22355769230769232,29.319978921043088,4,0.00011261261261261261,0.016826923076923076,2.094284208645935,203,0
3GDV,A,3.0,23,0.009956709956709957,0.422680412371134,20.833187634153987,0,0.0,0.0,0.0,52,667,9,0.0019124521886952825,0.07729468599033816,8.152116900321126,1,0.00021249468763280918,0.00966183574879227,0.9057907667023471,162,0
3GDU,A,3.0,26,0.01079734219269103,0.43434343434343436,21.693343915585725,0,0.0,0.0,0.0,53,690,12,0.0025499362515937103,0.0966183574879227,10.012312576424181,2,0.00042498937526561835,0.01932367149758454,1.6687187627373636,161,0
1FS2,A,3.0,22,0.012222222222222223,0.4418604651162791,19.107465774871272,3,0.0016666666666666668,0.06976744186046512,2.6055635147551737,49,580,10,0.002736726874657909,0.09230769230769231,8.685211715850578,1,0.0002736726874657909,0.010256410256410256,0.8685211715850578,158,0
2AST,B,3.0,24,0.009195402298850575,0.3883495145631068,16.28249482242673,2,0.0007662835249042146,0.038834951456310676,1.3568745685355608,61,928,10,0.0019425019425019425,0.07589285714285714,6.784372842677804,1,0.00019425019425019425,0.008928571428571428,0.6784372842677804,182,0
3AAA,A,3.0,44,0.009098428453267164,0.4857142857142857,11.969888807079426,1,0.00020678246484698098,0.014285714285714285,0.27204292743362335,70,1209,24,0.0029304029304029304,0.14056224899598393,6.5290302584069595,1,0.0001221001221001221,0.008032128514056224,0.27204292743362335,179,0
1IZN,A,3.0,46,0.008438818565400843,0.4864864864864865,11.878180728262404,1,0.000183452577508714,0.013513513513513514,0.25822132017961746,73,1326,27,0.0028125,0.14285714285714285,6.971975644849671,3,0.0003125,0.014285714285714285,0.7746639605388523,205,0
3MTU,A,3.0,22,0.034375,0.5769230769230769,12.880194318885804,4,0.00625,0.15384615384615385,2.3418535125246915,27,170,11,0.011458333333333333,0.22784810126582278,6.440097159442902,2,0.0020833333333333333,0.05063291139240506,1.1709267562623458,54,0
3GJO,A,3.0,20,0.053763440860215055,0.46511627906976744,11.940767282738754,2,0.005376344086021506,0.09302325581395349,1.1940767282738756,22,96,11,0.013333333333333334,0.18571428571428572,6.567422005506315,2,0.0024242424242424242,0.05714285714285714,1.1940767282738756,49,0
1XQH,A,3.0,13,0.01673101673101673,0.3793103448275862,29.10273278536889,1,0.001287001287001287,0.034482758620689655,2.2386717527206836,56,703,0,0.0,0.0,0.0,0,0.0,0.0,0.0,161,0
1O9S,A,3.0,13,0.01597051597051597,0.3728813559322034,28.245694017920503,1,0.0012285012285012285,0.03389830508474576,2.1727456936861924,56,703,0,0.0,0.0,0.0,0,0.0,0.0,0.0,161,0
3O1I,C,3.0,39,0.008227848101265823,0.460431654676259,42.36879841880978,1,0.0002109704641350211,0.014388489208633094,1.0863794466361483,67,1116,21,0.002250562640660165,0.1346153846153846,22.813968379359114,1,0.00010716964955524595,0.007692307692307693,1.0863794466361483,188,0
3O1J,C,3.0,39,0.008227848101265823,0.48201438848920863,43.516122037798475,0,0.0,0.0,0.0,66,1080,21,0.0024057738572574178,0.15447154471544716,23.431758020353026,0,0.0,0.0,0.0,173,0
1BWU,D,3.0,5,0.013333333333333334,0.225,3.3037561873164756,1,0.0026666666666666666,0.05,0.6607512374632951,20,91,6,0.006172839506172839,0.11827956989247312,3.964507424779771,2,0.00205761316872428,0.043010752688172046,1.3215024749265902,73,0
1KJ1,A,3.0,7,0.019230769230769232,0.275,4.468991372466106,0,0.0,0.0,0.0,19,84,5,0.005411255411255411,0.1,3.192136694618647,2,0.0021645021645021645,0.05,1.276854677847459,59,0
1I7S,B,3.0,40,0.0070028011204481795,0.45394736842105265,26.51966642409999,0,0.0,0.0,0.0,33,266,34,0.0035105833763551886,0.2757009345794392,22.541716460484995,1,0.00010325245224574084,0.009345794392523364,0.6629916606024998,95,0
1I7Q,B,3.0,41,0.006990622335890878,0.461038961038961,26.42165079790899,0,0.0,0.0,0.0,33,266,35,0.003928170594837262,0.30845771144278605,22.55506775431255,1,0.0001122334455667789,0.009950248756218905,0.6444305072660729,80,0
1X27,B,3.0,24,0.01764705882352941,0.4864864864864865,25.79564515153294,0,0.0,0.0,0.0,37,340,15,0.00641025641025641,0.16058394160583941,16.12227821970809,3,0.001282051282051282,0.0364963503649635,3.2244556439416177,100,0
3UA7,A,3.0,5,0.028409090909090908,0.3333333333333333,9.332597844566719,0,0.0,0.0,0.0,15,44,3,0.0066518847006651885,0.11538461538461539,5.599558706740031,1,0.0022172949002217295,0.038461538461538464,1.8665195689133436,37,0
1SG1,X,3.0,16,0.01951219512195122,0.4098360655737705,27.881634547398523,0,0.0,0.0,0.0,36,180,10,0.007639419404125287,0.12307692307692308,17.426021592124076,0,0.0,0.0,0.0,105,0
3BUK,C,3.0,17,0.016585365853658537,0.3939393939393939,23.835699675954686,1,0.000975609756097561,0.030303030303030304,1.4020999809385108,35,174,11,0.006642512077294686,0.11333333333333333,15.423099790323619,0,0.0,0.0,0.0,119,0
1BOU,B,3.0,21,0.010802469135802469,0.37777777777777777,9.869408422647655,0,0.0,0.0,0.0,58,777,8,0.00285204991087344,0.07692307692307693,3.759774637199107,1,0.00035650623885918,0.01098901098901099,0.4699718296498884,150,0
1B4U,B,3.0,19,0.00977366255144033,0.34444444444444444,8.903251677222393,0,0.0,0.0,0.0,58,777,7,0.002422145328719723,0.06417112299465241,3.280145354766145,0,0.0,0.0,0.0,155,0
1GO4,A,3.0,32,0.017094017094017096,0.6206896551724138,24.46616051422619,0,0.0,0.0,0.0,49,588,18,0.006569343065693431,0.18471337579617833,13.762215289252232,0,0.0,0.0,0.0,119,0
3R2D,B,3.0,28,0.021341463414634148,0.6164383561643836,35.441971618966775,0,0.0,0.0,0.0,48,572,10,0.00980392156862745,0.14285714285714285,12.657847006773848,0,0.0,0.0,0.0,87,0
3R2C,A,3.0,31,0.02421875,0.6388888888888888,37.735010850577204,0,0.0,0.0,0.0,48,572,11,0.010679611650485437,0.1415929203539823,13.389842559882235,1,0.000970873786407767,0.017699115044247787,1.2172584145347485,89,0
1P27,A,3.0,32,0.015238095238095238,0.5108695652173914,45.809298730247654,0,0.0,0.0,0.0,46,525,16,0.005663716814159292,0.16666666666666666,22.904649365123827,0,0.0,0.0,0.0,92,0
1HL6,D,3.0,20,0.013368983957219251,0.4358974358974359,11.207612577668604,2,0.001336898395721925,0.05128205128205128,1.1207612577668604,43,460,6,0.002574002574002574,0.08333333333333333,3.362283773300581,1,0.000429000429000429,0.015151515151515152,0.5603806288834302,97,0
2VJF,A,3.0,4,0.030303030303030304,0.25,2.902829802578326,0,0.0,0.0,0.0,11,10,5,0.01818181818181818,0.15,3.6285372532229077,1,0.0036363636363636364,0.03333333333333333,0.7257074506445815,43,0
2VJE,D,3.0,4,0.03636363636363636,0.25925925925925924,3.758192912284727,0,0.0,0.0,0.0,16,48,0,0.0,0.0,0.0,0,0.0,0.0,0.0,41,0
3BH6,B,3.0,36,0.0121580547112462,0.509090909090909,27.92802290307628,2,0.0006754474839581223,0.03636363636363636,1.5515568279486822,71,1230,12,0.0025974025974025974,0.08620689655172414,9.309340967692092,0,0.0,0.0,0.0,193,0
3BH7,B,3.0,39,0.013171225937183385,0.5363636363636364,28.98484184277619,2,0.0006754474839581223,0.03636363636363636,1.4864021457833945,71,1230,13,0.002840909090909091,0.09130434782608696,9.661613947592064,0,0.0,0.0,0.0,191,0
2Y8S,D,3.0,33,0.015348837209302326,0.5591397849462365,19.74596306214637,1,0.00046511627906976747,0.021505376344086023,0.5983625170347385,88,1932,3,0.003409090909090909,0.022321428571428572,1.7950875511042155,3,0.003409090909090909,0.022321428571428572,1.7950875511042155,219,0
2Y8T,D,3.0,30,0.013679890560875513,0.5106382978723404,17.364901670454426,1,0.00045599635202918376,0.02127659574468085,0.5788300556818142,89,1974,5,0.0054585152838427945,0.030042918454935622,2.894150278409071,5,0.0054585152838427945,0.030042918454935622,2.894150278409071,228,0
2OJE,D,3.0,39,0.011255411255411256,0.5169491525423728,55.29044081796295,0,0.0,0.0,0.0,70,1216,14,0.002770631308133782,0.11855670103092783,19.847850550037982,0,0.0,0.0,0.0,146,0
1R5I,D,3.0,41,0.011832611832611833,0.5423728813559322,58.51322240167639,0,0.0,0.0,0.0,70,1216,14,0.002688172043010753,0.11557788944723618,19.980124722523644,0,0.0,0.0,0.0,151,0
2H9A,A,3.0,45,0.007720020586721565,0.487012987012987,21.60389137212515,0,0.0,0.0,0.0,83,1710,31,0.0030374289633548894,0.16842105263157894,14.882680723019549,5,0.0004899078973153047,0.031578947368421054,2.4004323746805727,214,0
1XVP,B,3.0,28,0.010678871090770405,0.4368932038834951,24.730587516695874,0,0.0,0.0,0.0,46,525,19,0.0026866515837104072,0.11462450592885376,16.781470100615056,1,0.0001414027149321267,0.007905138339920948,0.883235268453424,196,0
1XV9,B,3.0,26,0.009916094584286803,0.4077669902912621,21.93618922306985,0,0.0,0.0,0.0,46,525,17,0.002629950495049505,0.1111111111111111,14.34289295354567,1,0.0001547029702970297,0.008547008547008548,0.8436995855026864,177,0
3PNL,A,3.0,37,0.011409189022510022,0.5086206896551724,32.14541350719142,0,0.0,0.0,0.0,72,1215,21,0.004186602870813397,0.13304721030042918,18.24469415273027,5,0.000996810207336523,0.02575107296137339,4.3439747982691115,189,0
2R9Q,B,3.0,39,0.006422924901185771,0.39490445859872614,31.84796178545904,0,0.0,0.0,0.0,80,1575,21,0.0021419828641370867,0.12177121771217712,17.14890249986256,2,0.0002039983680130559,0.014760147601476014,1.6332288095107201,194,0
1I8L,A,3.0,21,0.022702702702702703,0.45161290322580644,35.68167552149637,0,0.0,0.0,0.0,45,494,3,0.0019907100199071004,0.033783783783783786,5.097382217356625,0,0.0,0.0,0.0,131,0
3TFY,A,3.0,9,0.023017902813299233,0.35,28.1420720335896,0,0.0,0.0,0.0,40,391,0,0.0,0.0,0.0,0,0.0,0.0,0.0,92,0
1TO9,A,3.0,36,0.012880143112701253,0.5462962962962963,31.213640043328777,0,0.0,0.0,0.0,55,726,18,0.002798507462686567,0.12875536480686695,15.606820021664388,1,0.0001554726368159204,0.008583690987124463,0.8670455567591326,180,0
1QBK,C,3.0,60,0.00407221392697163,0.40816326530612246,29.609325335945705,1,6.787023211619383e-05,0.00816326530612245,0.4934887555990951,45,486,55,0.002206531332744925,0.27217125382262997,27.141881557950228,5,0.0002005937575222659,0.024464831804281346,2.4674437779954754,127,0
