pdb_id,designed_chain,beta,mean_scaled_hydropathy,mean_net_charge,signed_net_charge,n_residues,uversky_boundary,distance_from_boundary,predicted_disordered
3G3B,A,-3.0,0.32090729783037475,0.6627218934911243,-112,169,-0.25727317554240625,0.9199950690335306,True
3G3B,A,-1.5,0.39704142011834326,0.40828402366863903,-69,169,-0.045239644970413995,0.453523668639053,True
3G3B,A,0.0,0.4967126890203814,0.0650887573964497,-11,169,0.23234483892176216,-0.16725608152531246,False
3G3B,A,1.5,0.38487836949375415,0.41420118343195267,70,169,-0.07911374095989476,0.49331492439184743,True
3G3B,A,3.0,0.285207100591716,0.621301775147929,105,169,-0.3566982248520709,0.9779999999999999,True
3G3A,A,-3.0,0.3057218895542249,0.6586826347305389,-110,167,-0.2995645375914836,0.9582471723220225,True
3G3A,A,-1.5,0.39900199600798414,0.4491017964071856,-75,167,-0.0397794411177641,0.4888812375249497,True
3G3A,A,0.0,0.475515635395875,0.0,0,167,0.1733110445775119,-0.1733110445775119,False
3G3A,A,1.5,0.39314703925482375,0.3532934131736527,59,167,-0.056085495675315844,0.40937890884896855,True
3G3A,A,3.0,0.31703260146373924,0.5748502994011976,96,167,-0.26806420492348615,0.8429145043246837,True
1PXV,A,-3.0,0.3226472374013357,0.6284153005464481,-115,183,-0.25242744383728,0.8808427443837281,True
1PXV,A,-1.5,0.4344869459623558,0.36065573770491804,-66,183,0.0590461445051611,0.30160959319975694,True
1PXV,A,0.0,0.46545233758348514,0.03825136612021858,-7,183,0.14528476017000624,-0.10703339404978766,False
1PXV,A,1.5,0.3959927140255009,0.32786885245901637,60,183,-0.04816029143898004,0.3760291438979964,True
1PXV,A,3.0,0.3229508196721312,0.5245901639344263,96,183,-0.25158196721311465,0.7761721311475409,True
1Y4H,A,-3.0,0.318946692357097,0.6242774566473989,-108,173,-0.26273346178548485,0.8870109184328837,True
1Y4H,A,-1.5,0.41811175337186895,0.3352601156069364,-58,173,0.01344123314065504,0.3218188824662814,True
1Y4H,A,0.0,0.46981374438021833,0.06936416184971098,-12,173,0.157431278098908,-0.08806711624919702,False
1Y4H,A,1.5,0.423121387283237,0.2254335260115607,39,173,0.027393063583815103,0.1980404624277456,True
1Y4H,A,3.0,0.29210019267822734,0.5491329479768786,95,173,-0.3375009633911368,0.8866339113680154,True
2D7D,B,-3.0,0.2400584795321637,0.8157894736842105,-31,38,-0.48243713450292414,1.2982266081871345,True
2D7D,B,-1.5,0.30058479532163745,0.7368421052631579,-28,38,-0.31387134502923963,1.0507134502923976,True
2D7D,B,0.0,0.3614035087719298,0.02631578947368421,1,38,-0.14449122807017556,0.17080701754385977,True
2D7D,B,1.5,0.2154970760233918,0.7631578947368421,29,38,-0.5508406432748538,1.3139985380116959,True
2D7D,B,3.0,0.12748538011695904,0.8947368421052632,34,38,-0.7959532163742691,1.6906900584795324,True
2NMV,B,-3.0,0.16988304093567244,0.8947368421052632,-34,38,-0.6778757309941523,1.5726125730994154,True
2NMV,B,-1.5,0.30409356725146197,0.7105263157894737,-27,38,-0.3040994152046784,1.014625730994152,True
2NMV,B,0.0,0.2862573099415205,0.05263157894736842,-2,38,-0.3537733918128654,0.4064049707602338,True
2NMV,B,1.5,0.2175438596491228,0.7894736842105263,30,38,-0.545140350877193,1.3346140350877194,True
2NMV,B,3.0,0.08625730994152049,0.9210526315789473,35,38,-0.9107733918128654,1.8318260233918129,True
3NDB,B,-3.0,0.27539682539682536,0.7452380952380953,-313,420,-0.38401984126984134,1.1292579365079365,True
3NDB,B,-1.5,0.41791005291005295,0.46904761904761905,-197,420,0.012879497354497449,0.4561681216931216,True
3NDB,B,0.0,0.49888888888888894,0.05,-21,420,0.23840555555555576,-0.18840555555555577,False
3NDB,B,1.5,0.38497354497354497,0.5,210,420,-0.07884867724867717,0.5788486772486772,True
3NDB,B,3.0,0.2794179894179895,0.6857142857142857,288,420,-0.37282089947089925,1.058535185185185,True
2Z5H,C,-3.0,0.222008547008547,0.8461538461538461,-44,52,-0.5327061965811966,1.3788600427350426,True
2Z5H,C,-1.5,0.317948717948718,0.7307692307692307,-38,52,-0.26551282051282044,0.9962820512820512,True
2Z5H,C,0.0,0.3628205128205128,0.11538461538461539,-6,52,-0.14054487179487185,0.25592948717948727,True
2Z5H,C,1.5,0.24423076923076922,0.75,39,52,-0.4708173076923077,1.2208173076923077,True
2Z5H,C,3.0,0.16709401709401706,0.8653846153846154,45,52,-0.6856431623931625,1.551027777777778,True
2Z5I,C,-3.0,0.23333333333333336,0.84,-42,50,-0.5011666666666665,1.3411666666666666,True
2Z5I,C,-1.5,0.2982222222222222,0.74,-37,50,-0.32045111111111113,1.060451111111111,True
2Z5I,C,0.0,0.4082222222222222,0.1,-5,50,-0.01410111111111112,0.11410111111111113,True
2Z5I,C,1.5,0.2782222222222222,0.72,36,50,-0.3761511111111111,1.096151111111111,True
2Z5I,C,3.0,0.214,0.8,40,50,-0.55501,1.35501,True
2ZXE,B,-3.0,0.1937106918238994,0.8377358490566038,-222,265,-0.6115157232704401,1.4492515723270438,True
2ZXE,B,-1.5,0.38712788259958064,0.41132075471698115,-109,265,-0.0728488469601678,0.48416960167714895,True
2ZXE,B,0.0,0.46050314465408804,0.011320754716981131,3,265,0.13150125786163525,-0.12018050314465412,False
2ZXE,B,1.5,0.3682599580712788,0.43018867924528303,114,265,-0.12539601677148848,0.5555846960167715,True
2ZXE,B,3.0,0.20918238993710694,0.7283018867924528,193,265,-0.5684270440251572,1.29672893081761,True
3A3Y,B,-3.0,0.20385744234800843,0.8339622641509434,-221,265,-0.5832570230607965,1.41721928721174,True
3A3Y,B,-1.5,0.329895178197065,0.5245283018867924,-139,265,-0.232241928721174,0.7567702306079664,True
3A3Y,B,0.0,0.4826834381551362,0.0,0,265,0.19327337526205435,-0.19327337526205435,False
3A3Y,B,1.5,0.33903563941299797,0.4716981132075472,125,265,-0.20678574423480067,0.6784838574423478,True
3A3Y,B,3.0,0.18155136268343816,0.7660377358490567,203,265,-0.6453794549266247,1.4114171907756814,True
3GDV,A,-3.0,0.32760828625235405,0.6305084745762712,-186,295,-0.23861092278719398,0.8691193973634652,True
3GDV,A,-1.5,0.43322033898305085,0.4067796610169492,-120,295,0.05551864406779661,0.35126101694915257,True
3GDV,A,0.0,0.511939736346516,0.04067796610169491,-12,295,0.2747521657250471,-0.2340741996233522,False
3GDV,A,1.5,0.4229755178907721,0.29152542372881357,86,295,0.026986817325800327,0.26453860640301324,True
3GDV,A,3.0,0.3337099811676083,0.5491525423728814,162,295,-0.22161770244821088,0.7707702448210922,True
3GDU,A,-3.0,0.3618669690098261,0.5782312925170068,-170,294,-0.14320049130763413,0.7214317838246409,True
3GDU,A,-1.5,0.450151171579743,0.35714285714285715,-105,294,0.10267101284958424,0.2544718442932729,True
3GDU,A,0.0,0.5058578987150416,0.05782312925170068,-17,294,0.25781424792139096,-0.19999111866969027,False
3GDU,A,1.5,0.4271352985638699,0.3231292517006803,95,294,0.038571806500377726,0.2845574452003026,True
3GDU,A,3.0,0.3427059712773999,0.5476190476190477,161,294,-0.19656386999244135,0.744182917611489,True
1FS2,A,-3.0,0.31630201630201626,0.694980694980695,-180,259,-0.27009888459888465,0.9650795795795797,True
1FS2,A,-1.5,0.42955812955812955,0.4555984555984556,-118,259,0.04531939081939074,0.41027906477906484,True
1FS2,A,0.0,0.5283140283140284,0.011583011583011582,-3,259,0.32035456885456925,-0.3087715572715577,False
1FS2,A,1.5,0.40973830973830977,0.3938223938223938,102,259,-0.009878807378807197,0.403701201201201,True
1FS2,A,3.0,0.32595452595452595,0.61003861003861,158,259,-0.2432166452166452,0.8532552552552553,True
2AST,B,-3.0,0.3355555555555555,0.6584615384615384,-214,325,-0.21647777777777788,0.8749393162393163,True
2AST,B,-1.5,0.4393162393162393,0.4276923076923077,-139,325,0.07249572649572644,0.35519658119658126,True
2AST,B,0.0,0.4854017094017094,0.027692307692307693,-9,325,0.20084376068376075,-0.17315145299145307,False
2AST,B,1.5,0.42300854700854695,0.3415384615384615,111,325,0.0270788034188032,0.3144596581196583,True
2AST,B,3.0,0.3535726495726496,0.56,182,325,-0.1663001709401708,0.7263001709401709,True
3AAA,A,-3.0,0.23520599250936328,0.7865168539325843,-210,267,-0.4959513108614233,1.2824681647940075,True
3AAA,A,-1.5,0.3675405742821473,0.5730337078651685,-153,267,-0.12739950062421967,0.7004332084893882,True
3AAA,A,0.0,0.4377028714107366,0.018726591760299626,-5,267,0.06800249687890147,-0.049275905118601845,False
3AAA,A,1.5,0.3628797336662505,0.4681647940074906,125,267,-0.14037994173949242,0.6085447357469831,True
3AAA,A,3.0,0.23803578859758634,0.6704119850187266,179,267,-0.488070328755722,1.1584823137744484,True
1IZN,A,-3.0,0.21802020202020206,0.8181818181818182,-225,275,-0.5438137373737373,1.3619955555555556,True
1IZN,A,-1.5,0.3741818181818182,0.5236363636363637,-144,275,-0.1089036363636362,0.6325399999999999,True
1IZN,A,0.0,0.48193939393939406,0.08,-22,275,0.19120121212121255,-0.11120121212121255,False
1IZN,A,1.5,0.34925252525252526,0.48,132,275,-0.17833171717171714,0.6583317171717171,True
1IZN,A,3.0,0.19414141414141414,0.7454545454545455,205,275,-0.6103161616161616,1.355770707070707,True
3MTU,A,-3.0,0.21185185185185185,0.8666666666666667,-65,75,-0.5609925925925926,1.4276592592592592,True
3MTU,A,-1.5,0.3315555555555555,0.64,-48,75,-0.22761777777777792,0.8676177777777779,True
3MTU,A,0.0,0.40162962962962967,0.04,-3,75,-0.032461481481481425,0.07246148148148143,True
3MTU,A,1.5,0.2914074074074074,0.5733333333333334,43,75,-0.3394303703703704,0.9127637037037037,True
3MTU,A,3.0,0.24088888888888887,0.72,54,75,-0.48012444444444446,1.2001244444444445,True
3GJO,A,-3.0,0.27037037037037037,0.7878787878787878,-52,66,-0.39801851851851855,1.1858973063973064,True
3GJO,A,-1.5,0.35690235690235694,0.6212121212121212,-41,66,-0.15702693602693585,0.7782390572390571,True
3GJO,A,0.0,0.43737373737373736,0.09090909090909091,-6,66,0.0670858585858587,0.02382323232323222,True
3GJO,A,1.5,0.3326599326599327,0.5303030303030303,35,66,-0.22454208754208738,0.7548451178451177,True
3GJO,A,3.0,0.24898989898989904,0.7424242424242424,49,66,-0.4575631313131312,1.1999873737373736,True
1XQH,A,-3.0,0.2606666666666667,0.712,-178,250,-0.4250433333333332,1.1370433333333332,True
1XQH,A,-1.5,0.40604444444444443,0.38,-95,250,-0.020166222222222308,0.4001662222222223,True
1XQH,A,0.0,0.4866222222222223,0.072,-18,250,0.2042428888888892,-0.1322428888888892,False
1XQH,A,1.5,0.37844444444444447,0.272,68,250,-0.09703222222222219,0.3690322222222222,True
1XQH,A,3.0,0.2339111111111111,0.644,161,250,-0.4995575555555556,1.1435575555555557,True
1O9S,A,-3.0,0.2568888888888889,0.74,-185,250,-0.4355644444444444,1.1755644444444444,True
1O9S,A,-1.5,0.38804444444444436,0.404,-101,250,-0.07029622222222254,0.47429622222222256,True
1O9S,A,0.0,0.44902222222222227,0.02,-5,250,0.09952688888888916,-0.07952688888888916,False
1O9S,A,1.5,0.3447555555555556,0.376,94,250,-0.19085577777777762,0.5668557777777776,True
1O9S,A,3.0,0.23355555555555557,0.644,161,250,-0.5005477777777777,1.1445477777777777,True
3O1I,C,-3.0,0.2867263236390753,0.7214765100671141,-215,298,-0.35246718866517524,1.0739436987322892,True
3O1I,C,-1.5,0.4517897091722596,0.41946308724832215,-125,298,0.10723434004474286,0.3122287472035793,True
3O1I,C,0.0,0.49977628635346755,0.026845637583892617,-8,298,0.24087695749440718,-0.21403131991051458,False
3O1I,C,1.5,0.4039149888143177,0.39932885906040266,119,298,-0.026096756152125256,0.4254256152125279,True
3O1I,C,3.0,0.29060402684563763,0.6308724832214765,188,298,-0.34166778523489916,0.9725402684563756,True
3O1J,C,-3.0,0.3416291291291292,0.6216216216216216,-184,296,-0.1995628753753752,0.8211844969969968,True
3O1J,C,-1.5,0.43325825825825837,0.4391891891891892,-130,296,0.05562424924924958,0.3835649399399396,True
3O1J,C,0.0,0.4671921921921922,0.037162162162162164,-11,296,0.15013025525525525,-0.11296809309309308,False
3O1J,C,1.5,0.4276276276276276,0.3277027027027027,97,296,0.03994294294294298,0.2877597597597597,True
3O1J,C,3.0,0.3113738738738739,0.5844594594594594,173,296,-0.2838237612612612,0.8682832207207206,True
1BWU,D,-3.0,0.2708460754332314,0.7522935779816514,-82,109,-0.3966936799184505,1.148987257900102,True
1BWU,D,-1.5,0.4093781855249747,0.46788990825688076,-51,109,-0.010881753312945497,0.47877166156982626,True
1BWU,D,0.0,0.5000000000000001,0.01834862385321101,-2,109,0.24150000000000027,-0.22315137614678926,False
1BWU,D,1.5,0.3913353720693172,0.3761467889908257,41,109,-0.06113098878695156,0.43727777777777727,True
1BWU,D,3.0,0.2624872579001019,0.6697247706422018,73,109,-0.41997298674821615,1.089697757390418,True
1KJ1,A,-3.0,0.2627930682976554,0.7155963302752294,-78,109,-0.4191213047910296,1.134717635066259,True
1KJ1,A,-1.5,0.3906218144750256,0.41284403669724773,-45,109,-0.06311824668705368,0.4759622833843014,True
1KJ1,A,0.0,0.47370030581039757,0.05504587155963303,-6,109,0.16825535168195738,-0.11320948012232435,False
1KJ1,A,1.5,0.3939857288481142,0.26605504587155965,29,109,-0.053749745158001794,0.31980479102956144,True
1KJ1,A,3.0,0.30387359836901134,0.5412844036697247,59,109,-0.3047120285423034,0.8459964322120281,True
1I7S,B,-3.0,0.36574074074074076,0.5625,-108,192,-0.13241203703703697,0.694912037037037,True
1I7S,B,-1.5,0.44490740740740736,0.3854166666666667,-74,192,0.08806712962962959,0.2973495370370371,True
1I7S,B,0.0,0.5167824074074074,0.057291666666666664,-11,192,0.2882390046296297,-0.23094733796296305,False
1I7S,B,1.5,0.42239583333333336,0.296875,57,192,0.025372395833333394,0.2715026041666666,True
1I7S,B,3.0,0.35555555555555557,0.4947916666666667,95,192,-0.1607777777777777,0.6555694444444444,True
1I7Q,B,-3.0,0.359375,0.578125,-111,192,-0.15014062499999992,0.7282656249999999,True
1I7Q,B,-1.5,0.48674768518518513,0.28125,-54,192,0.20459230324074063,0.07665769675925937,True
1I7Q,B,0.0,0.514988425925926,0.09375,-18,192,0.2832427662037038,-0.1894927662037038,False
1I7Q,B,1.5,0.4701967592592593,0.1875,36,192,0.15849797453703718,0.02900202546296282,True
1I7Q,B,3.0,0.40081018518518513,0.4166666666666667,80,192,-0.034743634259259304,0.451410300925926,True
1X27,B,-3.0,0.2590785907859079,0.7439024390243902,-122,164,-0.42946612466124656,1.1733685636856368,True
1X27,B,-1.5,0.3970189701897019,0.4024390243902439,-66,164,-0.0453021680216803,0.4477411924119242,True
1X27,B,0.0,0.45067750677506785,0.04878048780487805,-8,164,0.10413685636856407,-0.05535636856368602,False
1X27,B,1.5,0.38949864498644987,0.3048780487804878,50,164,-0.06624627371273717,0.37112432249322497,True
1X27,B,3.0,0.2619241192411924,0.6097560975609756,100,164,-0.42154132791327914,1.0312974254742548,True
3UA7,A,-3.0,0.3024691358024691,0.6825396825396826,-43,63,-0.3086234567901236,0.9911631393298062,True
3UA7,A,-1.5,0.41975308641975306,0.30158730158730157,-19,63,0.01801234567901222,0.28357495590828935,True
3UA7,A,0.0,0.4811287477954144,0.015873015873015872,1,63,0.18894356261022915,-0.17307054673721328,False
3UA7,A,1.5,0.4153439153439153,0.20634920634920634,13,63,0.005732804232804201,0.20061640211640214,True
3UA7,A,3.0,0.26278659611992944,0.5873015873015873,37,63,-0.41913932980599655,1.0064409171075839,True
1SG1,X,-3.0,0.2686805555555556,0.7125,-114,160,-0.4027246527777777,1.1152246527777776,True
1SG1,X,-1.5,0.3115972222222222,0.5875,-94,160,-0.2832017361111112,0.8707017361111112,True
1SG1,X,0.0,0.4739583333333333,0.0375,-6,160,0.1689739583333334,-0.1314739583333334,False
1SG1,X,1.5,0.2759027777777778,0.55,88,160,-0.3826107638888889,0.932610763888889,True
1SG1,X,3.0,0.23555555555555557,0.65625,105,160,-0.49497777777777774,1.1512277777777777,True
3BUK,C,-3.0,0.23053808525506636,0.779874213836478,-124,159,-0.5089514325646401,1.288825646401118,True
3BUK,C,-1.5,0.330398322851153,0.5471698113207547,-87,159,-0.23084067085953885,0.7780104821802936,True
3BUK,C,0.0,0.46715583508036346,0.012578616352201259,-2,159,0.1500290006988123,-0.13745038434661105,False
3BUK,C,1.5,0.2881201956673654,0.5094339622641509,81,159,-0.34858525506638727,0.8580192173305382,True
3BUK,C,3.0,0.19923130677847659,0.7484276729559748,119,159,-0.5961408106219427,1.3445684835779175,True
1BOU,B,-3.0,0.337248322147651,0.6073825503355704,-181,298,-0.211763422818792,0.8191459731543624,True
1BOU,B,-1.5,0.47285607755406417,0.2516778523489933,-75,298,0.16590417598806884,0.08577367636092448,True
1BOU,B,0.0,0.5186055182699478,0.040268456375838924,-12,298,0.29331636838180475,-0.2530479120059658,False
1BOU,B,1.5,0.4579418344519017,0.19463087248322147,58,298,0.12436800894854616,0.07026286353467531,True
1BOU,B,3.0,0.31730052199850856,0.5033557046979866,150,298,-0.2673180462341537,0.7706737509321403,True
1B4U,B,-3.0,0.3073452647278151,0.6476510067114094,-193,298,-0.295043437733035,0.9426944444444444,True
1B4U,B,-1.5,0.4808351976137211,0.22818791946308725,-68,298,0.1881260253542134,0.04006189410887384,True
1B4U,B,0.0,0.5122669649515288,0.0436241610738255,-13,298,0.27566349739000784,-0.23203933631618234,False
1B4U,B,1.5,0.4645413870246085,0.18456375838926176,55,298,0.14274776286353474,0.04181599552572701,True
1B4U,B,3.0,0.3174869500372856,0.5201342281879194,155,298,-0.2667988441461595,0.7869330723340789,True
1GO4,A,-3.0,0.3252267573696145,0.6785714285714286,-133,196,-0.24524348072562363,0.9238149092970522,True
1GO4,A,-1.5,0.4649659863945579,0.413265306122449,-81,196,0.1439302721088438,0.2693350340136052,True
1GO4,A,0.0,0.49314058956916107,0.030612244897959183,-6,196,0.2223965419501137,-0.19178429705215452,False
1GO4,A,1.5,0.44336734693877555,0.39285714285714285,77,196,0.08377806122449005,0.3090790816326528,True
1GO4,A,3.0,0.3239795918367347,0.6071428571428571,119,196,-0.2487168367346938,0.8558596938775509,True
3R2D,B,-3.0,0.32198067632850247,0.7028985507246377,-97,138,-0.25428381642512066,0.9571823671497584,True
3R2D,B,-1.5,0.40201288244766503,0.5434782608695652,-75,138,-0.03139412238325279,0.574872383252818,True
3R2D,B,0.0,0.4547504025764896,0.06521739130434782,-9,138,0.11547987117552361,-0.05026247987117578,False
3R2D,B,1.5,0.39025764895330123,0.39855072463768115,55,138,-0.06413244766505599,0.46268317230273714,True
3R2D,B,3.0,0.3165861513687601,0.6304347826086957,87,138,-0.2693075684380031,0.8997423510466988,True
3R2C,A,-3.0,0.3039452495974235,0.7246376811594203,-100,138,-0.3045124798711756,1.029150161030596,True
3R2C,A,-1.5,0.39114331723027373,0.5579710144927537,-77,138,-0.06166586151368758,0.6196368760064412,True
3R2C,A,0.0,0.45378421900161037,0.036231884057971016,-5,138,0.11278904991948502,-0.07655716586151401,False
3R2C,A,1.5,0.3913848631239935,0.45652173913043476,63,138,-0.060993156199677934,0.5175148953301127,True
3R2C,A,3.0,0.30974235104669884,0.644927536231884,89,138,-0.2883675523349437,0.9332950885668277,True
1P27,A,-3.0,0.21203703703703708,0.8541666666666666,-123,144,-0.5604768518518517,1.4146435185185182,True
1P27,A,-1.5,0.30887345679012346,0.6597222222222222,-95,144,-0.2907874228395062,0.9505096450617284,True
1P27,A,0.0,0.4340277777777778,0.08333333333333333,-12,144,0.05776736111111114,0.02556597222222219,True
1P27,A,1.5,0.33834876543209874,0.4513888888888889,65,144,-0.20869868827160498,0.6600875771604939,True
1P27,A,3.0,0.2748456790123457,0.6388888888888888,92,144,-0.38555478395061726,1.024443672839506,True
1HL6,D,-3.0,0.25097125097125095,0.7692307692307693,-110,143,-0.4520450660450661,1.2212758352758355,True
1HL6,D,-1.5,0.4216783216783218,0.4405594405594406,-63,143,0.02337412587412624,0.41718531468531433,True
1HL6,D,0.0,0.46192696192696203,0.03496503496503497,-5,143,0.13546658896658936,-0.10050155400155439,False
1HL6,D,1.5,0.4114219114219115,0.3356643356643357,48,143,-0.005189976689976561,0.34085431235431224,True
1HL6,D,3.0,0.2448329448329448,0.6783216783216783,97,143,-0.4691402486402487,1.147461926961927,True
2VJF,A,-3.0,0.3291666666666667,0.65625,-42,64,-0.2342708333333332,0.8905208333333332,True
2VJF,A,-1.5,0.44114583333333335,0.375,-24,64,0.07759114583333337,0.2974088541666666,True
2VJF,A,0.0,0.47638888888888886,0.046875,3,64,0.17574305555555547,-0.12886805555555547,False
2VJF,A,1.5,0.37777777777777777,0.40625,26,64,-0.0988888888888888,0.5051388888888888,True
2VJF,A,3.0,0.2675347222222222,0.671875,43,64,-0.40591579861111116,1.0777907986111113,True
2VJE,D,-3.0,0.2586021505376344,0.7580645161290323,-47,62,-0.43079301075268817,1.1888575268817205,True
2VJE,D,-1.5,0.41379928315412173,0.3709677419354839,-23,62,0.0014310035842290958,0.3695367383512548,True
2VJE,D,0.0,0.436200716845878,0.14516129032258066,9,62,0.06381899641577027,0.08134229390681039,True
2VJE,D,1.5,0.389605734767025,0.41935483870967744,26,62,-0.06594802867383542,0.48530286738351286,True
2VJE,D,3.0,0.2752688172043011,0.6612903225806451,41,62,-0.3843763440860215,1.0456666666666665,True
3BH6,B,-3.0,0.312208067940552,0.6878980891719745,-216,314,-0.2815005307855627,0.9693986199575372,True
3BH6,B,-1.5,0.4168435951875442,0.4394904458598726,-138,314,0.009909412597310707,0.4295810332625619,True
3BH6,B,0.0,0.49094125973106867,0.012738853503184714,4,314,0.2162714083510262,-0.2035325548478415,False
3BH6,B,1.5,0.3921797593772116,0.37898089171974525,119,314,-0.05877937013446566,0.4377602618542109,True
3BH6,B,3.0,0.30976645435244166,0.6146496815286624,193,314,-0.28830042462844996,0.9029501061571124,True
3BH7,B,-3.0,0.25966029723991507,0.7547770700636943,-237,314,-0.42784607218683646,1.182623142250531,True
3BH7,B,-1.5,0.43014861995753717,0.45222929936305734,-142,314,0.0469639065817411,0.40526539278131624,True
3BH7,B,0.0,0.4833333333333333,0.044585987261146494,-14,314,0.19508333333333328,-0.1504973460721868,False
3BH7,B,1.5,0.42926397735314936,0.31210191082802546,98,314,0.04450017692852093,0.26760173389950453,True
3BH7,B,3.0,0.28871196036801133,0.60828025477707,191,314,-0.3469371903750884,0.9552174451521585,True
2Y8S,D,-3.0,0.22884342142654165,0.7544757033248082,-295,391,-0.5136710713270815,1.2681467746518895,True
2Y8S,D,-1.5,0.3919579425973288,0.35805626598465473,-140,391,-0.0593971298664393,0.41745339585109403,True
2Y8S,D,0.0,0.4498152884342143,0.0076726342710997444,3,391,0.10173557828928681,-0.09406294401818707,False
2Y8S,D,1.5,0.3524296675191816,0.3452685421994885,135,391,-0.16948337595907925,0.5147519181585678,True
2Y8S,D,3.0,0.26510372264847964,0.5601023017902813,219,391,-0.4126861324239842,0.9727884342142655,True
2Y8T,D,-3.0,0.2580028129395218,0.7164556962025317,-283,395,-0.4324621659634317,1.1489178621659635,True
2Y8T,D,-1.5,0.4066947960618847,0.3594936708860759,-142,395,-0.018354992967651196,0.3778486638537271,True
2Y8T,D,0.0,0.459409282700422,0.03291139240506329,-13,395,0.12845485232067522,-0.09554345991561192,False
2Y8T,D,1.5,0.3625879043600563,0.3139240506329114,124,395,-0.14119268635724325,0.45511673699015465,True
2Y8T,D,3.0,0.2717299578059072,0.5772151898734177,228,395,-0.3942320675105484,0.9714472573839661,True
2OJE,D,-3.0,0.22398753894081,0.8271028037383178,-177,214,-0.5271947040498441,1.354297507788162,True
2OJE,D,-1.5,0.4062305295950156,0.5,-107,214,-0.01964797507788152,0.5196479750778815,True
2OJE,D,0.0,0.4596053997923157,0.04205607476635514,-9,214,0.12900103842159916,-0.08694496365524401,False
2OJE,D,1.5,0.37424714434060236,0.4532710280373832,97,214,-0.10872170301142248,0.5619927310488056,True
2OJE,D,3.0,0.2620456905503635,0.6822429906542056,146,214,-0.42120275181723776,1.1034457424714432,True
1R5I,D,-3.0,0.20893042575285567,0.8411214953271028,-180,214,-0.569128764278297,1.4102502596053998,True
1R5I,D,-1.5,0.4073208722741434,0.4766355140186916,-102,214,-0.016611370716510754,0.49324688473520234,True
1R5I,D,0.0,0.4480789200415369,0.0514018691588785,-11,214,0.09689979231568024,-0.04549792315680174,False
1R5I,D,1.5,0.3668224299065422,0.46261682242990654,99,214,-0.12939953271027993,0.5920163551401865,True
1R5I,D,3.0,0.23753894080996885,0.705607476635514,151,214,-0.4894540498442368,1.1950615264797508,True
2H9A,A,-3.0,0.35337975050768783,0.597911227154047,-229,383,-0.1668373948360894,0.7647486219901364,True
2H9A,A,-1.5,0.4598781549173195,0.360313315926893,-138,383,0.12976066144473486,0.23055265448215811,True
2H9A,A,0.0,0.49640266898752544,0.031331592689295036,-12,383,0.23148143313025837,-0.20014984044096334,False
2H9A,A,1.5,0.43449376269219625,0.28720626631853785,110,383,0.05906512909776662,0.22814113722077123,True
2H9A,A,3.0,0.3268349289237018,0.5587467362924282,214,383,-0.2407647229474904,0.7995114592399186,True
1XVP,B,-3.0,0.25591689250225846,0.7886178861788617,-194,246,-0.4382714543812102,1.226889340560072,True
1XVP,B,-1.5,0.4258355916892502,0.491869918699187,-121,246,0.03495212285456195,0.45691779584462505,True
1XVP,B,0.0,0.5088979223125565,0.036585365853658534,-9,246,0.2662807136404699,-0.22969534778681136,False
1XVP,B,1.5,0.4111111111111112,0.3821138211382114,94,246,-0.006055555555555259,0.38816937669376667,True
1XVP,B,3.0,0.1748870822041554,0.7967479674796748,196,246,-0.6639394760614272,1.4606874435411021,True
1XV9,B,-3.0,0.21553748870822043,0.8292682926829268,-204,246,-0.5507280939476061,1.379996386630533,True
1XV9,B,-1.5,0.4222673893405601,0.508130081300813,-125,246,0.025014679313459798,0.48311540198735325,True
1XV9,B,0.0,0.4892502258355918,0.052845528455284556,-13,246,0.2115618789521232,-0.15871635049683863,False
1XV9,B,1.5,0.3915989159891599,0.4186991869918699,103,246,-0.060397018970189675,0.4790962059620596,True
1XV9,B,3.0,0.2353658536585366,0.7195121951219512,177,246,-0.4955060975609755,1.2150182926829267,True
3PNL,A,-3.0,0.3173845193508115,0.651685393258427,-232,356,-0.2670841136079899,0.9187695068664169,True
3PNL,A,-1.5,0.47765293383270907,0.25280898876404495,-90,356,0.17926342072409485,0.0735455680399501,True
3PNL,A,0.0,0.5147627965043695,0.03651685393258427,-13,356,0.2826143882646692,-0.24609753433208495,False
3PNL,A,1.5,0.444756554307116,0.2640449438202247,94,356,0.08764700374531809,0.1763979400749066,True
3PNL,A,3.0,0.3282459425717853,0.5308988764044944,189,356,-0.23683504993757787,0.7677339263420723,True
2R9Q,B,-3.0,0.3071150097465887,0.6783625730994152,-232,342,-0.29568469785575047,0.9740472709551656,True
2R9Q,B,-1.5,0.4169590643274855,0.4239766081871345,-145,342,0.01023099415204709,0.4137456140350874,True
2R9Q,B,0.0,0.4873944119558155,0.029239766081871343,-10,342,0.20639343729694626,-0.17715367121507491,False
2R9Q,B,1.5,0.4047433398310592,0.3508771929824561,120,342,-0.02378979857050001,0.37466699155295613,True
2R9Q,B,3.0,0.32131254061078623,0.5672514619883041,194,342,-0.2561445743989603,0.8233960363872644,True
1I8L,A,-3.0,0.30977107761027356,0.6733668341708543,-134,199,-0.2882875488553881,0.9616543830262424,True
1I8L,A,-1.5,0.407426018983808,0.4271356783919598,-85,199,-0.01631853713009468,0.4434542155220545,True
1I8L,A,0.0,0.4788386376326076,0.06532663316582915,-13,199,0.18256560580681214,-0.11723897264098299,False
1I8L,A,1.5,0.4011166945840313,0.3969849246231156,79,199,-0.03389000558347277,0.43087493020658835,True
1I8L,A,3.0,0.27861529871580126,0.6582914572864321,131,199,-0.3750563930764935,1.0333478503629256,True
3TFY,A,-3.0,0.32007168458781365,0.6516129032258065,-101,155,-0.25960035842293894,0.9112132616487454,True
3TFY,A,-1.5,0.43620071684587813,0.4129032258064516,-64,155,0.06381899641577071,0.3490842293906809,True
3TFY,A,0.0,0.48523297491039424,0.0,0,155,0.20037383512544804,-0.20037383512544804,False
3TFY,A,1.5,0.4270250896057348,0.4064516129032258,63,155,0.038264874551971584,0.3681867383512542,True
3TFY,A,3.0,0.30164874551971327,0.5935483870967742,92,155,-0.3109082437275985,0.9044566308243727,True
1TO9,A,-3.0,0.20044444444444448,0.8444444444444444,-190,225,-0.5927622222222221,1.4372066666666665,True
1TO9,A,-1.5,0.38637037037037036,0.4666666666666667,-105,225,-0.07495851851851842,0.5416251851851851,True
1TO9,A,0.0,0.5066172839506173,0.057777777777777775,-13,225,0.25992913580246935,-0.20215135802469159,False
1TO9,A,1.5,0.3564938271604939,0.43555555555555553,98,225,-0.15816469135802447,0.59372024691358,True
1TO9,A,3.0,0.15698765432098766,0.8,180,225,-0.7137893827160493,1.5137893827160493,True
1QBK,C,-3.0,0.26666666666666666,0.7473684210526316,-142,190,-0.4083333333333333,1.155701754385965,True
1QBK,C,-1.5,0.38637426900584804,0.4631578947368421,-88,190,-0.07494766081871318,0.5381055555555553,True
1QBK,C,0.0,0.49093567251461995,0.010526315789473684,-2,190,0.21625584795321662,-0.20572953216374293,False
1QBK,C,1.5,0.36438596491228076,0.43157894736842106,82,190,-0.13618508771929805,0.5677640350877191,True
1QBK,C,3.0,0.25485380116959067,0.6684210526315789,127,190,-0.44123216374269003,1.109653216374269,True
